/Users/ana/Downloads/human_eval_package/Codigo/.venv/lib/python3.9/site-packages/urllib3/__init__.py:35: NotOpenSSLWarning: urllib3 v2 only supports OpenSSL 1.1.1+, currently the 'ssl' module is compiled with 'LibreSSL 2.8.3'. See: https://github.com/urllib3/urllib3/issues/3020
  warnings.warn(
Transcribir: 1000 items | clips ya presentes (reutilizados): 288 | clips pendientes: 966
Fetching 4 files:   0%|          | 0/4 [00:00<?, ?it/s]Fetching 4 files: 100%|██████████| 4/4 [00:00<00:00, 71392.41it/s]
[1/966] bb4684b8-4931-4bca-8385-07e5db653302/transcription_1 (834s): 'Buenos días, ¿cómo están? Miren, se comienza hoy día cocinando porque mi esposa '
[2/966] 2ecdeeb6-cee3-4250-9587-475e8b76a9b8/transcription_1 (489s): 'buenos días chiquis estoy acostada pero me desperté hace rato me desperté como a'
[3/966] 892c88ef-2fbe-492f-8f73-23d5bdd7897c/transcription_1 (504s): 'buenos días chiquis estoy acostada pero me desperté hace rato me desperté como a'
[4/966] e28d58e7-f91a-4cc7-b220-6fee5fbf5593/transcription_1 (518s): 'buenos días chiquis estoy acostada pero me desperté hace rato me desperté como a'
[5/966] cb281cf6-c570-4ee4-8e0f-3d584d90869a/transcription_1 (519s): 'buenos días chiquis estoy acostada pero me desperté hace rato me desperté como a'
[6/966] 80c395f4-b547-4d7a-95e7-719ff6015a39/transcription_1 (521s): 'buenos días chiquis estoy acostada pero me desperté hace rato me desperté como a'
[7/966] 4b86ec41-468a-40f5-9f9a-9ac4e47321ea/transcription_1 (3s): 'Hola, hola, buenas tardes. Gracias a Dios. Ya salimos de trabajar y ahora nos ve'
[8/966] 2a5708f3-8722-4577-a717-be2c1339ab89/transcription_1 (947s): 'Muy buenas a todos y bienvenidos un día más en la vida de Sofía Agnone Hoy es ma'
[9/966] b899dfb1-a972-45cf-8adf-3bbd184de9cc/transcription_1 (1100s): 'Muy buenas a todos y bienvenidos un día más en la vida de Sofía Agnone Hoy es ma'
[10/966] 0b554aa7-9b1d-4981-91c1-39df89b23610/transcription_1 (1178s): 'Muy buenas a todos y bienvenidos un día más en la vida de Sofía Agnone Hoy es ma'
[11/966] 312ed66c-9da3-4f44-9ac7-1a7f2e88da96/transcription_1 (1152s): 'Muy buenas a todos y bienvenidos un día más en la vida de Sofía Agnone Hoy es ma'
[12/966] 74357547-6e23-4259-84c4-e0c853455220/transcription_1 (1102s): 'Muy buenas a todos y bienvenidos un día más en la vida de Sofía Agnone Hoy es ma'
[13/966] c90fb07f-4d58-4843-b53a-ad594440c31d/transcription_1 (1105s): 'Muy buenas a todos y bienvenidos un día más en la vida de Sofía Agnone Hoy es ma'
[14/966] 1ad45009-6465-47ff-9e32-48c9d0b5fdd7/transcription_1 (1087s): 'Muy buenas a todos y bienvenidos un día más en la vida de Sofía Agnone Hoy es ma'
[15/966] 3de59f9d-f541-4113-a0b6-53b81c6cfef8/transcription_1 (1135s): 'nueva semana y empezamos viniendo a tomarnos las medidas que a mí nunca me las h'
[16/966] 22148661-7edd-405a-9fc5-e2dc95528512/transcription_1 (1106s): 'nueva semana y empezamos viniendo a tomarnos las medidas que a mí nunca me las h'
[17/966] 4fe5184e-232a-41b1-965c-86093d7f768c/transcription_1 (1083s): 'nueva semana y empezamos viniendo a tomarnos las medidas que a mí nunca me las h'
[18/966] e9ab83c8-b2df-4b4c-8513-35e7b50eb0cc/transcription_1 (1060s): 'nueva semana y empezamos viniendo a tomarnos las medidas que a mí nunca me las h'
[19/966] 0e68791a-2ee6-4b29-8680-ff8ee69b71de/transcription_1 (1054s): 'nueva semana y empezamos viniendo a tomarnos las medidas que a mí nunca me las h'
[20/966] 690fc1fc-1ced-4d7c-b624-e9cbfa28c67d/transcription_1 (1209s): 'nueva semana y empezamos viniendo a tomarnos las medidas que a mí nunca me las h'
[21/966] 2a9e8276-0c69-4352-b0e1-c7dfbe652068/transcription_1 (1297s): 'nueva semana y empezamos viniendo a tomarnos las medidas que a mí nunca me las h'
[22/966] ba27353f-75cd-4973-bb0c-83499fd1d183/transcription_1 (1388s): 'nueva semana y empezamos viniendo a tomarnos las medidas que a mí nunca me las h'
[23/966] d4c67ea3-e22e-44bd-ba37-ec0bae91e003/transcription_1 (1306s): 'nueva semana y empezamos viniendo a tomarnos las medidas que a mí nunca me las h'
[24/966] f0c6b600-39fd-473d-ba96-b348c3efc368/transcription_1 (216s): 'Son 5.42 Cuando les grabo mi skincare Siempre me dicen que les diga cuáles produ'
[25/966] 663c9427-55ad-4417-b607-7e2f8de70a77/transcription_1 (213s): 'Son 5.42 Cuando les grabo mi skincare Siempre me dicen que les diga cuáles produ'
[26/966] ff3725d2-75fc-49de-9287-6e5298d6e956/transcription_1 (221s): 'Son 5.42 Cuando les grabo mi skincare Siempre me dicen que les diga cuáles produ'
[27/966] 80a8ace6-f2ea-49b8-8ae9-f10b3727a5bf/transcription_1 (222s): 'Son 5.42 Cuando les grabo mi skincare Siempre me dicen que les diga cuáles produ'
[28/966] 5aa3cbcd-9adf-44fe-9dbd-9eb8327ea7c0/transcription_1 (73s): 'Chama, arreglate conmigo, aunque tú no me conozcas ni yo te conozco a ti, pero b'
[29/966] 5aa3cbcd-9adf-44fe-9dbd-9eb8327ea7c0/transcription_2 (144s): 'Son 5.42 Cuando les grabo mi skin care Siempre me dicen que les diga cuáles prod'
[30/966] 6a9ff2c8-97ce-4649-bdc4-652f5c2d629d/transcription_1 (13s): '¿Tú has venido solo? Sí. ¿De dónde? Dorense. ¿Hasta Salamanca? Corrente. ¿Has co'
[31/966] b04ac046-224c-4f41-8bc0-372da7314099/transcription_1 (36s): 'Que luego tengo clase de canto. ¿Sigues dando clases de canto? Después del progr'
[32/966] 9b8d5daf-ef46-4b45-a633-3ade040ba1f8/transcription_1 (21s): 'Mira, de verdad, yo no puedo más con las mentiras. Cosas que no te cuentan del c'
[33/966] 33727d37-418d-420f-9ef5-7ac1c01d0d56/transcription_1 (122s): 'Hola, hola, hola, buenos, bienvenidos, bienvenidos, bienvenidos aquí a mi canal '
[34/966] dbdadb3d-03b5-47a5-84de-94dddb5f93f4/transcription_1 (122s): 'Hola, hola, hola, buenos, bienvenidos, bienvenidos, bienvenidos aquí a mi canal '
[35/966] aee2d937-ba2b-4522-9d13-d03947886ef0/transcription_1 (120s): 'Hola, hola, hola, buenos, bienvenidos, bienvenidos, bienvenidos aquí a mi canal '
[36/966] 6abb4b7d-d0f6-4f73-8745-245260e36258/transcription_1 (124s): 'Hola, hola, hola, buenos, bienvenidos, bienvenidos, bienvenidos aquí a mi canal '
[37/966] 3e6564a9-bb6e-49d1-a8ec-1c54af13b721/transcription_1 (122s): 'Hola, hola, hola, buenos, bienvenidos, bienvenidos, bienvenidos aquí a mi canal '
[38/966] 0987e2ab-f0e6-4594-9642-81f993da54e9/transcription_1 (33s): 'Y estos son los hábitos que sigo manteniendo luego de perder 9 kilos y pues yo b'
[39/966] 0987e2ab-f0e6-4594-9642-81f993da54e9/transcription_2 (89s): 'Hola, hola, hola, buenos bienvenidos, bienvenidos, bienvenidos aquí a mi canal D'
[40/966] b2a08162-e019-4dc5-b0dd-47f940f67df0/transcription_1 (33s): 'Y estos son los hábitos que sigo manteniendo luego de perder 9 kilos y pues yo b'
[41/966] b2a08162-e019-4dc5-b0dd-47f940f67df0/transcription_2 (89s): 'Hola, hola, hola, buenos bienvenidos, bienvenidos, bienvenidos aquí a mi canal D'
[42/966] 3986078c-4df4-407d-8975-65064ee3dd81/transcription_1 (33s): 'Y estos son los hábitos que sigo manteniendo luego de perder 9 kilos y pues yo b'
[43/966] 3986078c-4df4-407d-8975-65064ee3dd81/transcription_2 (84s): 'Hola, hola, hola, buenos bienvenidos, bienvenidos, bienvenidos aquí a mi canal D'
[44/966] 26285d44-3648-45b5-bb3b-9c7c6c3693f3/transcription_1 (32s): 'Y estos son los hábitos que sigo manteniendo luego de perder 9 kilos y pues yo b'
[45/966] 26285d44-3648-45b5-bb3b-9c7c6c3693f3/transcription_2 (86s): 'Hola, hola, hola, buenos bienvenidos, bienvenidos, bienvenidos aquí a mi canal D'
[46/966] 8315f6b1-bdc5-413a-b965-1795994f75b9/transcription_1 (770s): 'Good morning in the morning Entiendo que tu ya has saludado, ¿no? No, todavía no'
[47/966] 68d2434a-c59f-435c-bf21-20f503245c99/transcription_1 (769s): 'Good morning in the morning Entiendo que tu ya has saludado, ¿no? No, todavía no'
[48/966] 490b9097-0a0f-4c38-9f3a-5807acd510eb/transcription_1 (763s): 'Good morning in the morning Entiendo que tu ya has saludado, ¿no? No, todavía no'
[49/966] 490b9097-0a0f-4c38-9f3a-5807acd510eb/transcription_2 (52s): 'Hola, hola, hola, buenos bienvenidos, bienvenidos, bienvenidos aquí a mi canal d'
[50/966] 1ead35c4-6a61-4d58-882a-1442ef4dc380/transcription_1 (755s): 'Good morning in the morning Entiendo que tu ya has saludado, ¿no? No, todavía no'
[51/966] 3483a71c-1162-441c-9e28-c62b1b466127/transcription_1 (753s): 'Good morning in the morning Entiendo que tu ya has saludado, ¿no? No, todavía no'
[52/966] f275f14e-24e5-4614-8db5-5b9afbf7a95e/transcription_1 (551s): 'Hola chicas, chicos, que tal? Vamos a hacer un susurro delicadito Lo vamos a int'
[53/966] f275f14e-24e5-4614-8db5-5b9afbf7a95e/transcription_2 (85s): 'y estos son los hábitos que sigo manteniendo luego de perder 9 kilos y pues yo b'
[54/966] 835f4507-4828-40ce-a973-329e8314cc5a/transcription_1 (546s): 'Hola chicas, chicos, que tal? Vamos a hacer un susurro delicadito Lo vamos a int'
[55/966] 535675ea-2690-4c04-96cd-c3c81d17a097/transcription_1 (541s): 'Hola chicas, chicos, que tal? Vamos a hacer un susurro delicadito Lo vamos a int'
[56/966] 3fa340ce-8cbe-4884-8f6d-fb99910e43c3/transcription_1 (546s): 'Hola chicas, chicos, que tal? Vamos a hacer un susurro delicadito Lo vamos a int'
[57/966] 887ca737-7c60-483b-a793-813d65b93279/transcription_1 (37s): 'Hola, hola a todas mis seguidoras hermosísimas. El día de hoy quise grabarles mi'
[58/966] 887ca737-7c60-483b-a793-813d65b93279/transcription_2 (76s): 'y estos son los hábitos que sigo manteniendo luego de perder 9 kilos y pues yo b'
[59/966] 2960accb-9f9c-42c1-ab00-8bcb0949b26f/transcription_1 (38s): 'Hola, hola a todas mis seguidoras hermosísimas. El día de hoy quise grabarles mi'
[60/966] 0869c474-c8f3-48bf-8971-aa0bc17b54ce/transcription_1 (38s): 'Hola, hola a todas mis seguidoras hermosísimas. El día de hoy quise grabarles mi'
[61/966] b827e67e-1116-42e4-8b8a-20306482ceac/transcription_1 (37s): 'Hola, hola a todas mis seguidoras hermosísimas. El día de hoy quise grabarles mi'
[62/966] 20fdc53d-31a2-4d32-b2c9-5187cd402c95/transcription_1 (416s): 'Bueno, Bueno, Bueno, Bueno, Bueno, Bueno, Bueno, Bueno, Bueno, Bueno, Bueno, Bue'
[63/966] 20fdc53d-31a2-4d32-b2c9-5187cd402c95/transcription_2 (33s): 'Y estos son los hábitos que sigo manteniendo luego de perder 9 kilos y pues yo b'
[64/966] 18bc3fdc-6865-49a6-b1c2-6b066f188433/transcription_1 (416s): 'Bueno, Bueno, Bueno, Bueno, Bueno, Bueno, Bueno, Bueno, Bueno, Bueno, Bueno, Bue'
[65/966] d23de29c-a6d7-4fe2-9470-1aeab9cae0fa/transcription_1 (420s): 'Bueno, Bueno, Bueno, Bueno, Bueno, Bueno, Bueno, Bueno, Bueno, Bueno, Bueno, Bue'
[66/966] 70613462-5351-46fc-b33e-7a7dc2a7294f/transcription_1 (416s): 'Bueno, Bueno, Bueno, Bueno, Bueno, Bueno, Bueno, Bueno, Bueno, Bueno, Bueno, Bue'
[67/966] 7ab06489-a967-4976-92b7-c13965b26d91/transcription_1 (10s): 'No sé si esto es una maldición colectiva o qué, pero ¿por qué a nosotras siempre'
[68/966] 7ab06489-a967-4976-92b7-c13965b26d91/transcription_2 (474s): '¡Hola, chamas! ¿Cómo están? ¿Cómo me dicen? estoy buscando algo pero no lo consi'
[69/966] 8637f507-2c97-4ead-85b7-fd3ca538d8ff/transcription_1 (10s): 'No sé si esto es una maldición colectiva o qué, pero ¿por qué a nosotras siempre'
[70/966] dadcb37d-f77b-4795-a9fc-bb23060276ff/transcription_1 (84s): 'hola a todos bienvenidos a un nuevo blog en mi canal en este blogcito les voy a '
[71/966] dadcb37d-f77b-4795-a9fc-bb23060276ff/transcription_2 (31s): 'Y estos son los hábitos que sigo manteniendo luego de perder 9 kilos y pues yo b'
[72/966] 7ce1de71-60e0-4273-85c9-150deb571c34/transcription_1 (84s): 'hola a todos bienvenidos a un nuevo blog en mi canal en este blogcito les voy a '
[73/966] 7ce1de71-60e0-4273-85c9-150deb571c34/transcription_2 (34s): 'Hola hola a todas mis seguidoras hermosísimas, el día de hoy quise grabarles mi '
[74/966] 28e78645-29d0-483a-84a6-4df79d8be4e2/transcription_1 (85s): 'hola a todos bienvenidos a un nuevo blog en mi canal en este blogcito les voy a '
[75/966] e42e8149-644d-4e61-bc78-44a680f6b32a/transcription_1 (83s): 'hola a todos bienvenidos a un nuevo blog en mi canal en este blogcito les voy a '
[76/966] 8af9b3e1-4f6c-404e-8411-747d5a8c0db9/transcription_1 (751s): 'Good morning in the morning Entiendo que tu ya has saludado, ¿no? No, todavía no'
[77/966] ebaf20e1-7591-4ad6-b703-b4c2cd14dc7c/transcription_1 (752s): 'Good morning in the morning Entiendo que tu ya has saludado, ¿no? No, todavía no'
[78/966] d06cc848-1a6c-4ef1-8ff9-b31c5e716538/transcription_1 (184s): 'Hola amigos, bienvenidos a nuestro canal Andando con Brian. Y hoy pues nuestro d'
[79/966] 70e28e55-ee22-42e4-881b-55e7d18dfd16/transcription_1 (185s): 'Hola amigos, bienvenidos a nuestro canal Andando con Brian. Y hoy pues nuestro d'
[80/966] 26ac4e7c-bf42-448f-a4ed-b41d720369cd/transcription_1 (188s): 'Hola amigos, bienvenidos a nuestro canal Andando con Brian. Y hoy pues nuestro d'
[81/966] ff703375-b071-4332-94f9-7b1b1466d3f7/transcription_1 (184s): 'Hola amigos, bienvenidos a nuestro canal Andando con Brian. Y hoy pues nuestro d'
[82/966] 33161af4-e7e8-488c-94eb-f7d32e264666/transcription_1 (24s): 'Vengan con nosotros a comprar una nueva imprimidora. Como yo hago homeschool con'
[83/966] 0ec152b6-4c54-403b-abde-c1a97ee9b80f/transcription_1 (24s): 'Vengan con nosotros a comprar una nueva imprimidora. Como yo hago homeschool con'
[84/966] ff099348-4d3d-4b26-b888-3ddbde045334/transcription_1 (23s): 'Vengan con nosotros a comprar una nueva imprimidora. Como yo hago homeschool con'
[85/966] ff099348-4d3d-4b26-b888-3ddbde045334/transcription_2 (377s): 'Hola chamas, y chamas como están? como están? vamos con el trabajo hablo bajito '
[86/966] ac6317b5-2722-4aec-b6e5-1706cc720330/transcription_1 (23s): 'Vengan con nosotros a comprar una nueva imprimidora. Como yo hago homeschool con'
[87/966] ac6317b5-2722-4aec-b6e5-1706cc720330/transcription_2 (86s): 'y estos son los hábitos que sigo manteniendo luego de perder 9 kilos y pues yo b'
[88/966] 7f44b128-510d-4f9f-b352-fea63e5afec8/transcription_1 (1119s): 'Ya si que si chicas, ha llegado el momento, último día o días como mucho, con mi'
[89/966] 6c9df812-2379-43db-8828-a9aa0292ef3b/transcription_1 (1115s): 'Ya si que si chicas, ha llegado el momento, último día o días como mucho, con mi'
[90/966] 210c7111-c927-477d-8699-d4f82eea3144/transcription_1 (1114s): 'Ya si que si chicas, ha llegado el momento, último día o días como mucho, con mi'
[91/966] d695d4bf-6417-47c9-8899-7a40c2799cd3/transcription_1 (1122s): 'Ya si que si chicas, ha llegado el momento, último día o días como mucho, con mi'
[92/966] 25293492-302b-4ca1-853c-128679e3d326/transcription_1 (4s): 'Podemos hablar de cómo monetizar, podemos hablar de, no sé, no soy la eminencia,'
[93/966] fbe1fe95-b6c2-4945-9885-bb053196fcbe/transcription_1 (4s): 'Podemos hablar de cómo monetizar, podemos hablar de, no sé, no soy la eminencia,'
[94/966] 255d74a0-981c-4f85-a1b3-579e620a7a45/transcription_1 (4s): 'Podemos hablar de cómo monetizar, podemos hablar de, no sé, no soy la eminencia,'
[95/966] b510b2e8-afe0-4eb9-9ca9-104b4de3d46b/transcription_1 (4s): 'Podemos hablar de cómo monetizar, podemos hablar de, no sé, no soy la eminencia,'
[96/966] 14e7141d-6fc7-4152-b279-b2df82cbd0eb/transcription_1 (4s): 'Pues ya nos vamos, ya nos vamos, miren aquí va mi chinita y allá viene ahorita m'
[97/966] 14e7141d-6fc7-4152-b279-b2df82cbd0eb/transcription_2 (590s): 'Hola chicas, chicos, que tal? Vamos a hacer un susurro delicadito Lo vamos a int'
[98/966] 104ffb97-87e7-4ae8-8757-d7404186f27b/transcription_1 (3s): 'Pues ya nos vamos, ya nos vamos, miren aquí va mi chinita y allá viene ahorita m'
[99/966] a7d90f7d-d2e4-4f19-b3d8-b9f81e227d27/transcription_1 (3s): 'Pues ya nos vamos, ya nos vamos, miren aquí va mi chinita y allá viene ahorita m'
[100/966] a7d90f7d-d2e4-4f19-b3d8-b9f81e227d27/transcription_2 (32s): 'y estos son los hábitos que sigo manteniendo luego de perder 9 kilos y pues yo b'
[101/966] 36c77b6f-c8c6-4ebd-862a-ff2f8a111fa1/transcription_1 (3s): 'Pues ya nos vamos, ya nos vamos, miren aquí va mi chinita y allá viene ahorita m'
[102/966] 36c77b6f-c8c6-4ebd-862a-ff2f8a111fa1/transcription_2 (33s): 'Hola hola a todas mis seguidoras hermosísimas, el día de hoy quise grabarles mi '
[103/966] 384e58d4-1064-4296-85a2-7dbd604f4f94/transcription_1 (75s): '24 horas después de tatuarme la rodilla, este es el estado de hinchazón de la ro'
[104/966] 6a420ec5-9c30-4856-8ae3-33b2691ab518/transcription_1 (76s): '24 horas después de tatuarme la rodilla, este es el estado de hinchazón de la ro'
[105/966] 54b09d62-7d27-46e6-ae82-bc0419526027/transcription_1 (79s): '24 horas después de tatuarme la rodilla, este es el estado de hinchazón de la ro'
[106/966] b843763b-302d-4dc4-92f1-c9d142a71138/transcription_1 (75s): '24 horas después de tatuarme la rodilla, este es el estado de hinchazón de la ro'
[107/966] 3b8dd053-579c-4c4b-b3f8-5e18b75a4c2b/transcription_1 (15s): 'Gracias mamá, se lo dedico a mi madre porque, bueno, mi madre emprendió un sueño'
[108/966] 172050c0-ed49-422f-b597-05ec89f7efe7/transcription_1 (14s): 'Gracias mamá, se lo dedico a mi madre porque, bueno, mi madre emprendió un sueño'
[109/966] 8b39a6b9-da7f-491b-88bf-e55f1080af1e/transcription_1 (14s): 'Gracias mamá, se lo dedico a mi madre porque, bueno, mi madre emprendió un sueño'
[110/966] 69a9a42e-968b-471a-b2f6-1d71cf792829/transcription_1 (14s): 'Gracias mamá, se lo dedico a mi madre porque, bueno, mi madre emprendió un sueño'
[111/966] fd35d31b-5849-453f-8a4e-db4eddf873cd/transcription_1 (11s): '¡Buenos días! Hoy vamos tarde al cole, lo asumimos y es un hecho. Adiós, que vay'
[112/966] fd35d31b-5849-453f-8a4e-db4eddf873cd/transcription_2 (32s): 'Y estos son los hábitos que sigo manteniendo luego de perder 9 kilos y pues yo b'
[113/966] 2afa0ad1-e691-477b-8e46-916b579bd836/transcription_1 (11s): '¡Buenos días! Hoy vamos tarde al cole, lo asumimos y es un hecho. Adiós, que vay'
[114/966] 2afa0ad1-e691-477b-8e46-916b579bd836/transcription_2 (4s): 'Pues ya nos vamos, ya nos vamos, miren aquí va mi chinita y allá viene ahorita m'
[115/966] 0dc93871-5c6a-4654-870c-4de3096567fd/transcription_1 (11s): '¡Buenos días! Hoy vamos tarde al cole, lo asumimos y es un hecho. Adiós, que vay'
[116/966] 5741079b-2aa7-45f9-91de-8579a81e476a/transcription_1 (11s): '¡Buenos días! Hoy vamos tarde al cole, lo asumimos y es un hecho. Adiós, que vay'
[117/966] 825df92a-5350-490b-a798-6320b3117620/transcription_1 (241s): 'Empieza el viaje a Chile Me llevo al Chile, flaco Me llevo al Chile, flaco Me ll'
[118/966] 6e618912-27b0-42ed-937c-3368c70bec75/transcription_1 (243s): 'Empieza el viaje a Chile Me llevo al Chile, flaco Me llevo al Chile, flaco Me ll'
[119/966] 51defe35-67bc-49c4-bf44-e02b98a9a9f4/transcription_1 (244s): 'Empieza el viaje a Chile Me llevo al Chile, flaco Me llevo al Chile, flaco Me ll'
[120/966] db2434f2-f913-4eb6-9cd2-8d229111861e/transcription_1 (244s): 'Empieza el viaje a Chile Me llevo al Chile, flaco Me llevo al Chile, flaco Me ll'
[121/966] 69883050-4297-47a2-9ccc-544e7c935b46/transcription_1 (239s): 'Empieza el viaje a Chile Me llevo al Chile, flaco Me llevo al Chile, flaco Me ll'
[122/966] 37030060-2e25-4026-a2a4-1386d1dad960/transcription_1 (13s): 'Las cosas de W, yo tengo mucha curiosidad. O sea, eso es un negocio tuyo, establ'
[123/966] 7c13d5d8-ec72-4aa2-bc4b-3474d8dc6bf1/transcription_1 (14s): 'Es tan buena, famosa Sabrina Carpenter. Ella es la mejor famosa. Qué divertida e'
[124/966] 7c13d5d8-ec72-4aa2-bc4b-3474d8dc6bf1/transcription_2 (227s): 'Empieza el viaje a Chile Me llevo a Chile, flaco Me llevo a Chile, flaco Me llev'
[125/966] 6654f9f6-1ae8-4053-81e3-6e5071a4c369/transcription_1 (239s): 'Empieza el viaje a Chile Me llevo al Chile, flaco Me llevo al Chile, flaco Me ll'
[126/966] 66f036f4-8f21-437f-b0de-c29252c9af43/transcription_1 (250s): 'Empieza el viaje a Chile Me llevo al Chile, flaco Me llevo al Chile, flaco Me ll'
[127/966] 619fee2c-4886-410d-8266-0da6ebd4d949/transcription_1 (11s): 'Otro día siendo fotógrafo en el Mexico City Open. Empezamos un poquito más tarde'
[128/966] 24edd0ca-172d-4fab-9257-3c74547168c9/transcription_1 (11s): 'Otro día siendo fotógrafo en el Mexico City Open. Empezamos un poquito más tarde'
[129/966] 8b1ca32a-5d7e-4dae-af8e-357a3d4cd654/transcription_1 (11s): 'Otro día siendo fotógrafo en el Mexico City Open. Empezamos un poquito más tarde'
[130/966] f5dcc8e7-100f-4a87-ae79-0ec166366c6e/transcription_1 (11s): 'Otro día siendo fotógrafo en el Mexico City Open. Empezamos un poquito más tarde'
[131/966] c61fd12a-7cd7-4f95-a6d5-a0056e36da23/transcription_1 (16s): 'que quería una fruta y pues estaba comiendo él una mandarina pues ya me estaba d'
[132/966] c61fd12a-7cd7-4f95-a6d5-a0056e36da23/transcription_2 (11s): 'Otro día siendo fotógrafo en el Mexico City Open. Empezamos un poquito más tarde'
[133/966] 6d9f86a5-7239-464f-ad6a-1944f603b4ff/transcription_1 (16s): 'que quería una fruta y pues estaba comiendo él una mandarina pues ya me estaba d'
[134/966] 7b30feaa-505c-4738-b94a-0230ab9f038b/transcription_1 (16s): 'que quería una fruta y pues estaba comiendo él una mandarina pues ya me estaba d'
[135/966] f226d84c-f355-4b82-9a32-e3d17ea40b02/transcription_1 (16s): 'que quería una fruta y pues estaba comiendo él una mandarina pues ya me estaba d'
[136/966] 0c1415a5-a49a-4ae8-85be-466cb4bbf790/transcription_1 (12s): 'Yo, chat, iba a la peluquería, tío, y tenía que ir con doble boxer porque veía l'
[137/966] 02c164c8-2162-44e8-bd7c-871284b5b592/transcription_1 (13s): 'Yo, chat, iba a la peluquería, tío, y tenía que ir con doble boxer porque veía l'
[138/966] fbceedf9-834d-480a-ab6d-307beb825cc8/transcription_1 (13s): 'Yo, chat, iba a la peluquería, tío, y tenía que ir con doble boxer porque veía l'
[139/966] 4b5de87d-6b18-44e8-a603-ec83602dd618/transcription_1 (13s): 'Yo, chat, iba a la peluquería, tío, y tenía que ir con doble boxer porque veía l'
[140/966] 503f18a2-d50a-4c0c-ac64-832555f50976/transcription_1 (4s): '5 euros en gomas, 5 euros en gomas, 5 euros en una sola goma. Luego os explico. '
[141/966] e7e241ff-9827-4673-8aa2-b211ac2686cd/transcription_1 (5s): '5 euros en gomas, 5 euros en gomas, 5 euros en una sola goma. Luego os explico. '
[142/966] 50238142-71ea-473a-8c56-72d9f5ad4c56/transcription_1 (5s): '5 euros en gomas, 5 euros en gomas, 5 euros en una sola goma. Luego os explico. '
[143/966] ca19eabc-f621-467c-8fff-e29cd16c1d80/transcription_1 (5s): '5 euros en gomas, 5 euros en gomas, 5 euros en una sola goma. Luego os explico. '
[144/966] e9cc2926-a934-4e29-b400-3ab78537fa9b/transcription_1 (28s): 'Hola, hola, que el Señor te bendiga. Quédate a ver todo mi blogcito del día miér'
[145/966] e9cc2926-a934-4e29-b400-3ab78537fa9b/transcription_2 (33s): 'y ya pues a cada rato ya andaba asomándome al Tiago y pues estaba jugando y de a'
[146/966] 134abc72-43f4-4001-b271-c2a789132665/transcription_1 (29s): 'Hola, hola, que el Señor te bendiga. Quédate a ver todo mi blogcito del día miér'
[147/966] 134abc72-43f4-4001-b271-c2a789132665/transcription_2 (33s): 'y ya pues a cada rato ya andaba asomándome al Tiago y pues estaba jugando y de a'
[148/966] fb26402f-d038-4405-8137-3fd5e2061336/transcription_1 (29s): 'Hola, hola, que el Señor te bendiga. Quédate a ver todo mi blogcito del día miér'
[149/966] fb26402f-d038-4405-8137-3fd5e2061336/transcription_2 (32s): 'y ya pues a cada rato ya andaba asomándome al Tiago y pues estaba jugando y de a'
[150/966] 3fa2118a-cd3b-429a-b89a-84b2d25d5c17/transcription_1 (28s): 'Hola, hola, que el Señor te bendiga. Quédate a ver todo mi blogcito del día miér'
[151/966] 3fa2118a-cd3b-429a-b89a-84b2d25d5c17/transcription_2 (32s): 'y ya pues a cada rato ya andaba asomándome al Tiago y pues estaba jugando y de a'
[152/966] 0beee9c8-24e6-4135-b994-b459498b3e8b/transcription_1 (607s): 'Bienvenidos a mi canal de youtube en el día de hoy les vamos a mostrar cómo es u'
[153/966] d5b81d98-66e3-4feb-8fcb-74678bd4c469/transcription_1 (614s): 'Bienvenidos a mi canal de youtube en el día de hoy les vamos a mostrar cómo es u'
[154/966] 85c9171d-c0a1-4dda-a9f0-2fa365bd8515/transcription_1 (617s): 'Bienvenidos a mi canal de youtube en el día de hoy les vamos a mostrar cómo es u'
[155/966] 23003cd1-46bd-43f3-8473-6d0a42271cb6/transcription_1 (620s): 'Bienvenidos a mi canal de youtube en el día de hoy les vamos a mostrar cómo es u'
[156/966] c533ffc6-7e55-4924-9ca1-58bf32844a40/transcription_1 (73s): 'hola a todos buenas noches me di cuenta que no hice un vídeo hablando en español'
[157/966] 1f2b38ec-0441-47c5-a4c0-f940af5cf051/transcription_1 (10s): 'Saúl, ¿quieres puntuar la tortilla española en Argentina? Quiero probarla, sí. E'
[158/966] 12caefd4-ff6a-47b8-b80a-740143cca3c1/transcription_1 (10s): 'Saúl, ¿quieres puntuar la tortilla española en Argentina? Quiero probarla, sí. E'
[159/966] d1bba3c5-d3de-4cb1-9023-367b5f45bc0d/transcription_1 (10s): 'Saúl, ¿quieres puntuar la tortilla española en Argentina? Quiero probarla, sí. E'
[160/966] f728eaeb-425e-4385-a488-75f2d955a2d3/transcription_1 (10s): 'Saúl, ¿quieres puntuar la tortilla española en Argentina? Quiero probarla, sí. E'
[161/966] 03a3a778-a8d5-4a3a-ab28-cb15681d702c/transcription_1 (10s): 'Saúl, ¿quieres puntuar la tortilla española en Argentina? Quiero probarla, sí. E'
[162/966] dd5b20ff-ad6f-463e-924e-c667fec69975/transcription_1 (4s): 'Lo quito David, ¿cuál es tu mayor miedo en este mundo? Pues ahora mismo No, over'
[163/966] 0e453e7f-683f-4b0e-93a1-07126d971107/transcription_1 (4s): 'Lo quito David, ¿cuál es tu mayor miedo en este mundo? Pues ahora mismo No, over'
[164/966] 8f6cee5b-b4ca-4669-904b-8b049fcfb540/transcription_1 (3s): 'Bueno, amigos, estas son medias para nuestros novios que van a hacer pilates por'
[165/966] 8f6cee5b-b4ca-4669-904b-8b049fcfb540/transcription_2 (52s): 'Hola, hola, hola, buenos bienvenidos, bienvenidos, bienvenidos aquí a mi canal d'
[166/966] 517712e3-8d94-457e-8198-ab964b11c1f1/transcription_1 (3s): 'Bueno, amigos, estas son medias para nuestros novios que van a hacer pilates por'
[167/966] cc2d751c-f8d3-48d7-afe4-69473c994159/transcription_1 (3s): 'Bueno, amigos, estas son medias para nuestros novios que van a hacer pilates por'
[168/966] fcf07b52-2afd-4eab-9db2-fe092b8156c2/transcription_1 (3s): 'Bueno, amigos, estas son medias para nuestros novios que van a hacer pilates por'
[169/966] d63d670f-2d59-446b-8a7f-f0d090f08163/transcription_1 (7s): 'Buenas noches Mayeli. Buenas noches. ¿Os puedo saludar? No. Te voy a sentar en t'
[170/966] 2c8c13c2-b06e-474b-b19e-6406c28ba4e2/transcription_1 (7s): 'Buenas noches Mayeli. Buenas noches. ¿Os puedo saludar? No. Te voy a sentar en t'
[171/966] 9cd01d74-06ab-4c37-a20e-684d8f5f12f2/transcription_1 (52s): 'Acompáñame a correr la media maratón de Sevilla. La puedo bajar un minuto, sería'
[172/966] ab237ddb-d2fa-494c-83b8-58cb127201e0/transcription_1 (54s): 'Acompáñame a correr la media maratón de Sevilla. La puedo bajar un minuto, sería'
[173/966] ba8810eb-2656-4ca3-ac9f-d733be3634aa/transcription_1 (10s): 'Estás con una chica y te dice, voy a salir de fiesta. ¿Tú cómo estás en casa? A.'
[174/966] a0565a5b-f704-465a-868f-0c82e7272490/transcription_1 (10s): 'Estás con una chica y te dice, voy a salir de fiesta. ¿Tú cómo estás en casa? A.'
[175/966] 5d7c91e4-5946-49c8-9c0e-f6f714239ee2/transcription_1 (9s): '¿Tú qué tal en el amor? El amor fatal. ¿Fatal en qué sentido? A ver. Mira, porqu'
[176/966] 1e0aa5e8-e68f-4cab-8659-7d627f1ae7d2/transcription_1 (8s): '¿Tú qué tal en el amor? El amor fatal. ¿Fatal en qué sentido? A ver. Mira, porqu'
[177/966] 0b888129-0bf4-4861-94f4-c1ae0edd77c7/transcription_1 (13s): '¡Qué guapísima! Gracias. Nos tendrás que contar cómo te recuperas tan rápido. Na'
[178/966] edf8127f-b5ec-4654-99dc-85e51fffa477/transcription_1 (13s): '¡Qué guapísima! Gracias. Nos tendrás que contar cómo te recuperas tan rápido. Na'
[179/966] a9de4b6e-f967-42ad-8ceb-3acd4531347d/transcription_1 (890s): 'Buenos días, ¿no? Morning, ¿no? Nadie me pide reaccionando, ¿no? En los comentar'
[180/966] 8d411990-5402-4957-b96c-e38aaa53f486/transcription_1 (887s): 'Buenos días, ¿no? Morning, ¿no? Nadie me pide reaccionando, ¿no? En los comentar'
[181/966] b22022c0-5252-4d93-8fdd-bc42d2be989c/transcription_1 (21s): 'Tú chavales, se acaba de caer un edificio de peña ahí atrapada. Ocho. Estoy flip'
[182/966] a8f1b0aa-5008-4886-9acb-e05cc9c6d4ad/transcription_1 (74s): 'Bueno, te vas a dañar, te vas a dañar, te vas a dañar, te vas a dañar, te vas a '
[183/966] 401b48b7-285e-43d4-933f-b3c019b69942/transcription_1 (75s): 'Bueno, te vas a dañar, te vas a dañar, te vas a dañar, te vas a dañar, te vas a '
[184/966] ab086797-324f-4ecb-b5e0-1de14a993b00/transcription_1 (80s): 'Bueno, te vas a dañar, te vas a dañar, te vas a dañar, te vas a dañar, te vas a '
[185/966] cc75a700-e7c5-4cb1-8a9a-9b77b5eb1007/transcription_1 (17s): 'Oscar, por favor. La que está liando. Oscar, tío, por favor. Ay, qué mala dinero'
[186/966] cbfa751a-1b54-4183-ad09-fb65ffa7a999/transcription_1 (16s): 'Oscar, por favor. La que está liando. Oscar, tío, por favor. Ay, qué mala dinero'
[187/966] 92cfbc62-b514-40c6-becf-3ad18c145e19/transcription_1 (17s): 'Oscar, por favor. La que está liando. Oscar, tío, por favor. Ay, qué mala dinero'
[188/966] 0a92853e-0a0b-4f23-b34c-2b80be6723b2/transcription_1 (16s): 'Oscar, por favor. La que está liando. Oscar, tío, por favor. Ay, qué mala dinero'
[189/966] 223703e7-07c2-41ec-85a1-5fcd88fd9416/transcription_1 (11s): 'Oye, yo tengo una duda. ¿Cómo hacéis para...? Porque aquí se supone que bajáis p'
[190/966] e3b45ee7-e1ba-4b5d-b06f-1a791c3021a1/transcription_1 (11s): 'Oye, yo tengo una duda. ¿Cómo hacéis para...? Porque aquí se supone que bajáis p'
[191/966] 2280067e-f902-4681-b9b0-9fac67b42ad5/transcription_1 (11s): 'Oye, yo tengo una duda. ¿Cómo hacéis para...? Porque aquí se supone que bajáis p'
[192/966] 90b2b738-6ccf-4cbd-b646-c900af15361d/transcription_1 (10s): 'Uy, esto qué mal quech. Tendrá que ir recto esto, ¿no? ¡Ay, que se cae! ¡Albert!'
[193/966] 197da639-0802-4386-8ad4-23cd80730e12/transcription_1 (10s): 'Uy, esto qué mal quech. Tendrá que ir recto esto, ¿no? ¡Ay, que se cae! ¡Albert!'
[194/966] 342a548e-8202-4ee3-97aa-5d4c3b790235/transcription_1 (10s): 'Uy, esto qué mal quech. Tendrá que ir recto esto, ¿no? ¡Ay, que se cae! ¡Albert!'
[195/966] 4d558c5f-d40b-4716-a5fc-caeb869350ac/transcription_1 (10s): 'Uy, esto qué mal quech. Tendrá que ir recto esto, ¿no? ¡Ay, que se cae! ¡Albert!'
[196/966] e2c63a72-d321-46c8-b738-ae3214195852/transcription_1 (7s): '¿Sí? ¡Seguridad, por favor! ¡Seguridad! ¡Hala! ¡Toma! ¡El calvo! ¡Pedón! ¡Gracia'
[197/966] 4be6ec19-33c1-45b1-92a5-7689ae843ed0/transcription_1 (6s): '¿Sí? ¡Seguridad, por favor! ¡Seguridad! ¡Hala! ¡Toma! ¡El calvo! ¡Pedón! ¡Gracia'
[198/966] 08063f85-2b4f-4b0b-81dd-f356280b9aab/transcription_1 (3s): '¿Te quieres subir al coche o qué? Si quieres que te suba al coche, ¿no? Deja el '
[199/966] bff7e04a-96ac-41d6-a403-c0bed717b788/transcription_1 (3s): '¿Te quieres subir al coche o qué? Si quieres que te suba al coche, ¿no? Deja el '
[200/966] 96003313-24f5-4f21-a427-2e0c6925b221/transcription_1 (3s): '¿Te quieres subir al coche o qué? Si quieres que te suba al coche, ¿no? Deja el '
[201/966] 93d5cafe-40a1-4b7a-8463-cbfd203823a7/transcription_1 (3s): '¿Qué hace jugando y no viendo el partido? ¿Y tú qué haces aquí? ¡Gilipollas! Si '
[202/966] 737041db-1fca-4514-94f2-332aeed962b2/transcription_1 (11s): 'Este es mi primer regalo de Reyes, así que lo quiero grabar. ¡Chiquitín! ¡Una im'
[203/966] b2af1eea-2062-4f56-89c8-94be56dbe9f8/transcription_1 (5s): 'Espera, ¿y si te metes...? ¿Y si le das ahí? ¿Dónde? Ahí. Eso es el chat. Bro, g'
[204/966] 46336f70-d6a2-488d-969f-6a9425ec1692/transcription_1 (3s): 'Chicos, seguimos con la bulla, ¿qué les dije? El curso más bulloso del año pasad'
[205/966] b3f8bc12-e974-41b8-930c-6f92a8fe1e17/transcription_1 (19s): 'Soy millonaria y me acabo de enterar. Ah, es la pregunta que yo me hago. Vale, r'
[206/966] b9553601-c937-4517-9253-2d763380dcf5/transcription_1 (15s): 'La Menchu de Murcia, ¿eh? ¿De dónde vienes? ¿De fiesta? No, de trabajar, de call'
[207/966] 28e03a89-8ed8-4558-8d42-dd86a9ac8116/transcription_1 (15s): 'La Menchu de Murcia, ¿eh? ¿De dónde vienes? ¿De fiesta? No, de trabajar, de call'
[208/966] f7aeadbe-473f-4abc-b22e-2b2dfc659f74/transcription_1 (15s): 'La Menchu de Murcia, ¿eh? ¿De dónde vienes? ¿De fiesta? No, de trabajar, de call'
[209/966] 968b3a2a-6164-46ae-8d8b-200e8b7fb360/transcription_1 (13s): '¿De qué parte de España son? ¿Qué has encontrado? Una enfermera, a ver, atención'
[210/966] 74a9f6ad-dad0-4fde-baf0-4e56f0ec15f3/transcription_1 (13s): '¿De qué parte de España son? ¿Qué has encontrado? Una enfermera, a ver, atención'
[211/966] 760d11f1-4fe6-4926-b4a1-3fc3efb0daef/transcription_1 (5s): 'Espera, ¿y si te metes...? ¿Y si le das ahí? ¿Dónde? Ahí. Eso es el chat. Bro, g'
[212/966] 1ea44c0a-3ef9-493f-8463-84e76ebe041d/transcription_1 (4s): 'Te puedo recomendar un libro que habla sobre la muerte ¿Cómo se llama? Cuando vi'
[213/966] 69e20ffc-3449-4834-89c0-b62fa963b01f/transcription_1 (4s): 'Te puedo recomendar un libro que habla sobre la muerte ¿Cómo se llama? Cuando vi'
[214/966] 50065171-0376-4f73-b41f-0cba781ea043/transcription_1 (13s): '¿De qué parte de España son? ¿Qué has encontrado? Una enfermera, a ver, atención'
[215/966] 90b18b1f-b160-4ed1-a9b8-1321b5d1680b/transcription_1 (13s): '¿De qué parte de España son? ¿Qué has encontrado? Una enfermera, a ver, atención'
[216/966] 2666b27e-db4b-4f8b-bccc-7ea59fe95a36/transcription_1 (8s): 'Ustedes lo llaman banderillas, nosotras lo llamamos instrumento de tortura, prov'
[217/966] 0f0bdcb1-74ac-4543-880f-6c6a37883cdb/transcription_1 (13s): 'Ay, amigas, día 2 en Río de Janeiro y hace mal tiempo, llueve, el día está gris.'
[218/966] 1c79e2ed-d92f-460e-8dda-63d2b02e449e/transcription_1 (60s): 'Bueno, Adri, ¿puedo coger el bolígrafo? ¿Puedes coger el bolígrafo? Adrián, ¿pue'
[219/966] 799297ba-b97c-4e22-acd8-5d257dede9ab/transcription_1 (23s): 'Creo que se va a comer todo un marrón que no le toca y seguramente cuando esté a'
[220/966] 27a71515-fe74-45fc-a3af-96f7f15e201b/transcription_1 (23s): 'Tú, que eres una niña, ¿no? Una niña tampoco, sí, es verdad que tiene voz de cho'
[221/966] 93d9c7eb-ee4f-4ae7-92da-e7e3a2114757/transcription_1 (23s): 'Tú, que eres una niña, ¿no? Una niña tampoco, sí, es verdad que tiene voz de cho'
[222/966] 2df04b1a-c945-4220-af11-ac449e4e661b/transcription_1 (23s): 'Tú, que eres una niña, ¿no? Una niña tampoco, sí, es verdad que tiene voz de cho'
[223/966] 3a235725-4cef-431a-a600-77352ad292d1/transcription_1 (8s): 'Quiero decir una cosa. No, no, espérate, espérate. ¿Cómo que quieres decir una c'
[224/966] 21aa19c0-3103-4d9a-8d3c-8e1135f033ed/transcription_1 (7s): 'Quiero decir una cosa. No, no, espérate, espérate. ¿Cómo que quieres decir una c'
[225/966] 347c8d93-130a-41cb-879a-8ce64067738d/transcription_1 (7s): 'El turrón, hoy hemos conocido que sube un 16%, lo que me lleva a recordarte lo d'
[226/966] 59d19578-f7f6-4bdb-b833-ffe873e1c60a/transcription_1 (7s): 'El turrón, hoy hemos conocido que sube un 16%, lo que me lleva a recordarte lo d'
[227/966] 383b7ae0-5b07-41fe-959b-599a272bfcbf/transcription_1 (7s): '¿Tenés alguna pregunta? ¿Padre rico, padre pobre? ¿Sabés dónde está? Sí Ah, ahí '
[228/966] 309bf975-9d01-4eff-bbb1-9ee81714a3e9/transcription_1 (7s): '¿Tenés alguna pregunta? ¿Padre rico, padre pobre? ¿Sabés dónde está? Sí Ah, ahí '
[229/966] d3cfa033-01e4-4e7f-8911-12fbcc57e9d9/transcription_1 (8s): '¿Tenés alguna pregunta? ¿Padre rico, padre pobre? ¿Sabés dónde está? Sí Ah, ahí '
[230/966] 69b19d14-5ffa-4fa4-a6e3-1bcc6490b9d4/transcription_1 (1662s): '5, 4... Arrasa el de Hongus, tío. Y yo soy Johnny. Estoy aquí en Bilbao, en la G'
[231/966] 38b866a4-7fc1-439b-a39f-bdc6b394bc85/transcription_1 (1551s): '5, 4... Arrasa el de Hongus, tío. Y yo soy Johnny. Estoy aquí en Bilbao, en la G'
[232/966] b98f8b44-dd7b-4d4a-a20f-08a4a6e00fb8/transcription_1 (1706s): '5, 4... Arrasa el de Hongus, tío. Y yo soy Johnny. Estoy aquí en Bilbao, en la G'
[233/966] c340c649-b660-43db-918b-c9991e3cd15c/transcription_1 (3s): '¡Cena! ¡Woo! ¡Cena! ¡Oye! A cenar. Esto es lo mejor de venir a casa a mis padres'
[234/966] c7feef51-47cc-45dd-bbb3-9ce54ff0096c/transcription_1 (3s): '¡Cena! ¡Woo! ¡Cena! ¡Oye! A cenar. Esto es lo mejor de venir a casa a mis padres'
[235/966] bf642daf-8247-47b6-b53c-30c4be19607b/transcription_1 (5s): 'Reclaman la botella a las 6.15 y tienen detrás de la palmera guardado el Barceló'
[236/966] 8caf167d-89a7-467d-98fd-849d2ac15998/transcription_1 (8s): 'Patika, ¿con quién tendrías tú media horita sin cámaras? Con Zaira. ¿Qué te pasa'
[237/966] 5e69f298-ab4f-4657-aecb-9abecef05b1c/transcription_1 (7s): 'Patika, ¿con quién tendrías tú media horita sin cámaras? Con Zaira. ¿Qué te pasa'
[238/966] 51ea65e7-3b8e-4657-819b-0a5c28ac4dbb/transcription_1 (6s): 'No se ve ni mi sal de este aforo Ya mi hermano está en la barroquia Vamos a hace'
[239/966] 60016df4-d658-446c-93d9-6613cbf96d34/transcription_1 (6s): 'No se ve ni mi sal de este aforo Ya mi hermano está en la barroquia Vamos a hace'
[240/966] 33551402-ca7a-4b6d-950b-2b2c84b81ec8/transcription_1 (22s): 'Oye, qué guapa tu camiseta. Ah, fija. Te la cambio por esta Mystery Box. Uf, se '
[241/966] 3f6e0f96-5a85-4795-92fc-d538d96f2e84/transcription_1 (6s): 'Es el más anuncio y engañoso. ¿Así? Ah, bueno, pues si tú me tiras los códigos a'
[242/966] 7e31eb14-4fe1-4d04-a47d-0a5147e3c4d8/transcription_1 (9s): 'Si no me ayudas a montar el árbol de Navidad... No esperes que Santa Claus te tr'
[243/966] 3f2659dd-a02a-45f4-b074-2326ee9fdbd8/transcription_1 (4s): 'Vivian Eñaki y William Sanz coinciden en pedir perdón a los aficionados. ¿Qué le'
[244/966] d590812e-bebc-4896-95d3-205dcc5ad8f6/transcription_1 (5s): 'Señor Cascos, de verdad que voy a intentar centrarme, ¿eh? Y se lo prometo tambi'
[245/966] e0463ebe-b43d-4745-8104-18ea1a46fe34/transcription_1 (5s): 'Señor Cascos, de verdad que voy a intentar centrarme, ¿eh? Y se lo prometo tambi'
[246/966] 90dcfae7-62a1-4c40-bce7-dbb489418893/transcription_1 (20s): 'Hola, ¿lo del dentista este lo van a poner aquí o no? ¿Qué? ¿Qué digo? ¿Españole'
[247/966] 88723f47-0668-4d06-8a57-e7ed9433a432/transcription_1 (5s): '¡Primera vez en directo! ¿Se lo están pasando bien, sí o no? ¡Se lo están pasand'
[248/966] 45923c9a-7905-4697-a590-44a364123b24/transcription_1 (4s): '¡Primera vez en directo! ¿Se lo están pasando bien, sí o no? ¡Se lo están pasand'
[249/966] b6fcd1f5-2da0-43bb-9e41-7f417795ff14/transcription_1 (16s): 'Hola, ¿cómo estás? ¿qué tal? Bueno, con él está mejor. ¿Puede tocar? Golfo. ¿Cóm'
[250/966] 83f8c1c7-2571-45c3-a001-a1a8043907b7/transcription_1 (72s): '¿Qué regalo le pedías a los reyes que nunca te llegaba? Un balón, un balón que n'
[251/966] 2ca97400-1eaa-4b12-9c40-fd82e0df9d1b/transcription_1 (20s): 'No, no, no, no tiene la palabra, no, no, no, no, no, no, ni hablar, ni hablar, n'
[252/966] bf483b81-a4fe-4358-b964-9e2294bc76a2/transcription_1 (11s): 'En YouTube hay como tres generaciones, ¿no? Está la primera generación, que es l'
[253/966] 3e6e2ef3-f657-4dd8-9c46-beed3f3ac8d2/transcription_1 (20s): 'Si la coges es tuya. El de fútbol sorpresa. Si la coges es tuya. ¡No! Bueno, te '
[254/966] fa6fe7db-9e92-4d50-8cd6-aa14c9f3f57b/transcription_1 (14s): '¿Tú vives acá en Perú? No. Ya sabía. ¿Dónde vives? No sé si eres de Perú. Pero..'
[255/966] fd34c501-f859-45a1-9410-70963e88c118/transcription_1 (13s): '¿Tú vives acá en Perú? No. Ya sabía. ¿Dónde vives? No sé si eres de Perú. Pero..'
[256/966] ab3f949b-6799-4710-a303-68ae97b4b1a3/transcription_1 (14s): '¿Tú vives acá en Perú? No. Ya sabía. ¿Dónde vives? No sé si eres de Perú. Pero..'
[257/966] a789c99d-dad8-44c0-80e6-735dffab883b/transcription_1 (14s): 'Si hubiese venido Trump a llevarse a Franco, ¿estaríais de acuerdo? Tendrá que v'
[258/966] 7135324c-afdc-47da-85f9-036b4f2ef3af/transcription_1 (3s): '¡Hala! ¡Un ordenador! ¡Para clase va a venir ¡Wow! No sé quién está ahora mismo '
[259/966] 0cb8471f-d990-4040-b5a8-53e22d089a0d/transcription_1 (26s): 'Queridos lateros, hoy hacemos la fideuá del vago. Un chorretín de aceite, los fi'
[260/966] e34bf5dc-3873-4e2d-bd18-1595eebe5d6d/transcription_1 (20s): '¿Puedes poner acento gallego? Pido perdón. Primero no se puede pasar de andaluz '
[261/966] b794fb33-6b44-443d-8f29-6eede8bac3c9/transcription_1 (18s): '¿Puedes poner acento gallego? Pido perdón. Primero no se puede pasar de andaluz '
[262/966] b2bc4a88-4985-4288-b0f1-10ad76c051f0/transcription_1 (49s): '¡Que han venido los reyes! Han comido todo el roscón, los camellos, las peras y '
[263/966] 12217b90-4b20-452c-ba54-12dbe47c12d9/transcription_1 (51s): 'Oye, tuve una cita romántica contigo. ¿Qué? ¿Cómo se llama? Dímelo, porque los t'
[264/966] d88ee1b5-e56f-46a7-934b-b50b14785cc3/transcription_1 (15s): 'Ve haciendo una maleta que nos vamos Jodete, ve haciendo una maleta que nos vamo'
[265/966] 1e651203-ecd9-43ad-82fa-bc5842e330d2/transcription_1 (10s): 'Que me dé a mí así, pues no me da la gana, y punto, y si martelo, y digo mala br'
[266/966] 788d74c1-e604-47d4-b6fa-480e826098ee/transcription_1 (66s): 'El regalo que le ha traído los Reyes Magos a Ale. De momento, dice que es un cer'
[267/966] 745dc243-ceda-429e-b533-03f9387f89b5/transcription_1 (75s): 'El regalo que le ha traído los Reyes Magos a Ale. De momento, dice que es un cer'
[268/966] 75f4d947-3f29-4297-85ee-e3378de949af/transcription_1 (96s): 'Vamos a ver qué carrozas tira más cosas en Utrera. En primer lugar, La Estrella.'
[269/966] e0d6094f-289c-493e-9d6b-513579b68101/transcription_1 (92s): 'Vamos a ver qué carrozas tira más cosas en Utrera. En primer lugar, La Estrella.'
[270/966] aba8c048-44c9-45bb-865c-e58b46ad901d/transcription_1 (22s): '¿Tu contrato de alquiler, según tú, debería no tener fin? Sí, contratos indefini'
[271/966] d278c8c5-aca1-4861-9894-3d3fcc365a41/transcription_1 (20s): '¿Tu contrato de alquiler, según tú, debería no tener fin? Sí, contratos indefini'
[272/966] ab1d67c5-2b54-43ae-9952-47c9f2b2a418/transcription_1 (25s): 'Tú chavales, se acaba de caer un edificio de peña ahí atrapada. Ocho. Estoy flip'
[273/966] afaebe1c-12bb-4c98-a702-f36445faa5f6/transcription_1 (8s): 'Ustedes lo llaman banderillas, nosotras lo llamamos instrumento de tortura, prov'
[274/966] eab6abb9-8a2a-454a-ae6d-bb2271ca9727/transcription_1 (7s): 'El antaño ¿Cómo? Es que yo no creo que las había escuchado O sea, y no me van a '
[275/966] 24050349-636e-4ef7-8a63-86de58f77e62/transcription_1 (7s): 'El antaño ¿Cómo? Es que yo no creo que las había escuchado O sea, y no me van a '
[276/966] c495e841-f4b4-48fd-b4e0-43e875f56486/transcription_1 (5s): '¿Va a intentar eliminar las tres causales? Disculpe. ¿Las tres causales que exis'
[277/966] f826e0d5-195c-4036-882b-82e9a64a9bf5/transcription_1 (4s): '¿Esa baliza está homologada? ¡Hombre, mi arma! ¡Más que la giralda! ¡Mírenla, qu'
[278/966] 84bfd1b8-ddcb-47db-8346-e7cf575764f7/transcription_1 (7s): '¿Qué tal, señora Belarra? Quería preguntarle por los... No me puje, no empecemos'
[279/966] bb83f7e2-ef48-44ce-ac7d-03fb2c32a20b/transcription_1 (8s): 'La subida es peor, pero juntos formamos bandera, y a la lección nos pasa el dolo'
[280/966] 4090deb7-f2ba-46b0-b72d-defa7dec5b89/transcription_1 (36s): 'Buenos días, Rosario, José, ¿qué tal estamos? A ver, ¿dónde está el muchacho? Va'
[281/966] 8a7fcc51-8ce8-431b-8e7f-13931817fed6/transcription_1 (3s): 'Ven, que aquí hay, mira. Ponle Tres. No, no, no, yo lo voy a decir.'
[282/966] 8a7fcc51-8ce8-431b-8e7f-13931817fed6/transcription_2 (36s): 'Buenos días, Rosario, José ¿Qué tal estamos? A ver, ¿dónde está el muchacho? Vam'
[283/966] 0847804b-998d-4898-902c-824a39d6a203/transcription_1 (9s): 'Si tú un día comes tacos, y fue un día solamente, eso no te hace mexicano. Y no '
[284/966] df0b7c06-d436-406f-b984-89deaa21dc16/transcription_1 (81s): 'Mucho trabajo preparando todo lo que vamos a servir esta noche. Así mismo entonc'
[285/966] 95c59617-7bd9-4848-a1d2-934ccebd0bf1/transcription_1 (81s): 'Mucho trabajo preparando todo lo que vamos a servir esta noche. Así mismo entonc'
[286/966] b191dbe6-ca46-4650-9628-eb0c1c9a9b12/transcription_1 (6s): 'Yo con 14 años, cuando yo no estaba en el Madrid, o con 13 años, a mí ponían bal'
[287/966] 521c185f-8d73-4374-b937-7545b1b1e4a9/transcription_1 (5s): '¡Muchas gracias! Una cosa, muchísimas gracias.'
[288/966] b6aaf728-3dad-44a5-9035-3ae2382a0071/transcription_1 (12s): 'Señor, una consulta. ¿Usted alguna vez besó a un hombre? No. ¿Quiere que sea el '
[289/966] 458baa80-30fc-41dd-a1e3-6d238a695768/transcription_1 (11s): 'Señor, una consulta. ¿Usted alguna vez besó a un hombre? No. ¿Quiere que sea el '
[290/966] def7e911-b277-4537-addd-b57add057957/transcription_1 (10s): 'Hola amiga, disculpa, ¿tienes novio? Con razón Yo le quería decir que lo amo muc'
[291/966] 1046339a-4175-4f03-b415-eb029762a9bf/transcription_1 (10s): 'Hola amiga, disculpa, ¿tienes novio? Con razón Yo le quería decir que lo amo muc'
[292/966] 2c0e2f97-bcdf-464a-a6bd-8858cb6dd1b9/transcription_1 (13s): 'Yo por ejemplo esta tarde salimos de fiesta y después del partido me roneo así c'
[293/966] ccf6e040-918b-4a25-9dea-e97d9a26d275/transcription_1 (13s): 'Yo por ejemplo esta tarde salimos de fiesta y después del partido me roneo así c'
[294/966] cc5c4092-5b0d-4904-89da-06b9e1a25d49/transcription_1 (15s): '30 centímetros exactos y te llevas la Mystery Box. Tira. Cuando me digas que par'
[295/966] 1327604a-d703-4a19-ad2f-d782b2ae1ba1/transcription_1 (817s): '¡Suscríbete al canal! ¡Suscríbete al canal! ¡Suscríbete al canal! ¡Suscríbete al'
[296/966] 6501570c-e436-4119-8114-811b3fbba96e/transcription_1 (49s): '¿Qué tal? ¿Buen día? ¿Buenos días? No sé si se escucha algo, porque aquí abajo h'
[297/966] 80ec8909-52bd-4f05-8561-83d7a1b309fb/transcription_1 (10s): 'Desde que AICO empieza a fabricar sus propios módulos, automáticamente se coloca'
[298/966] c087653b-c6ba-46e1-9744-bea978024b8c/transcription_1 (997s): '¿Qué tía? O sea, no me puedo creer que ella esté aquí. Estoy en shock. Es que no'
[299/966] 4dbce416-8813-44ee-be5f-8b0487542896/transcription_1 (1075s): '¿Qué tía? O sea, no me puedo creer que ella esté aquí. Estoy en shock. Es que no'
[300/966] 1fc52b48-212a-44af-99c1-61e5d5708bf7/transcription_1 (1155s): '¿Qué tía? O sea, no me puedo creer que ella esté aquí. Estoy en shock. Es que no'
[301/966] 1a2d3308-dbd8-44d0-ae25-ef3b53c34cab/transcription_1 (1124s): '¿Qué tía? O sea, no me puedo creer que ella esté aquí. Estoy en shock. Es que no'
[302/966] 8d0787cc-d108-4f02-b43d-fbaadca7e056/transcription_1 (1105s): '¿Qué tía? O sea, no me puedo creer que ella esté aquí. Estoy en shock. Es que no'
[303/966] fb652039-3b0c-4c5e-9743-31b649db90e5/transcription_1 (1188s): '¿Qué tía? O sea, no me puedo creer que ella esté aquí. Estoy en shock. Es que no'
[304/966] 5982bdd0-1faf-4ecf-b83e-2c7de7986b21/transcription_1 (1738s): '¿Qué tía? O sea, no me puedo creer que ella esté aquí. Estoy en shock. Es que no'
[305/966] edd8bb3f-e9d4-4f90-95e1-714e36eaaaa6/transcription_1 (1799s): '¿Qué tía? O sea, no me puedo creer que ella esté aquí. Estoy en shock. Es que no'
[306/966] 29fd54d3-ba9a-484b-9651-98b063da3e69/transcription_1 (1143s): '¿Qué tía? O sea, no me puedo creer que ella esté aquí. Estoy en shock. Es que no'
[307/966] 6547cec1-7910-4cd3-b780-63d222ed7e51/transcription_1 (1107s): '¿Qué tía? O sea, no me puedo creer que ella esté aquí. Estoy en shock. Es que no'
[308/966] 2b1ccc44-4d2b-4ff8-b01e-f4d3af9570fc/transcription_1 (1107s): '¿Qué tía? O sea, no me puedo creer que ella esté aquí. Estoy en shock. Es que no'
[309/966] fdcaa799-77e7-4f8e-b72b-ec47b1fbb92a/transcription_1 (783s): 'shhh, ustedes no pregunten porque yo estoy en un carro, ustedes no pregunten por'
[310/966] fdcaa799-77e7-4f8e-b72b-ec47b1fbb92a/transcription_2 (1169s): '¿Qué tía? O sea, no me puedo creer que ella esté aquí. Estoy en shock. Es que no'
[311/966] 9b5c7ee9-887e-4a06-bf42-13a5cb5a9220/transcription_1 (1005s): '¿Qué tía? O sea, no me puedo creer que ella esté aquí. Estoy en shock. Es que no'
[312/966] 356e3180-1068-4adc-980b-6e1c1aff056e/transcription_1 (1003s): '¿Qué tía? O sea, no me puedo creer que ella esté aquí. Estoy en shock. Es que no'
[313/966] 970d6d5d-359f-4da1-a444-dabdef2c18e6/transcription_1 (753s): 'shhh, ustedes no pregunten porque yo estoy en un carro, ustedes no pregunten por'
[314/966] c63e057b-c5f9-468a-9981-a5ae74a02224/transcription_1 (757s): 'shhh, ustedes no pregunten porque yo estoy en un carro, ustedes no pregunten por'
[315/966] 6bf463e5-4a7e-40f1-9d38-cfdc5eda84d3/transcription_1 (761s): 'shhh, ustedes no pregunten porque yo estoy en un carro, ustedes no pregunten por'
[316/966] 6ba13778-85d1-4584-ac76-afeaabd80f59/transcription_1 (770s): 'shhh, ustedes no pregunten porque yo estoy en un carro, ustedes no pregunten por'
[317/966] 0aa0306a-ac1d-4ec1-b769-ebe05f96f375/transcription_1 (12s): 'Odio a la gente que te tiene que dejar muy claro que no han comido nada en todo '
[318/966] 27d54459-a96a-4604-881d-db42b5ceea87/transcription_1 (12s): 'Odio a la gente que te tiene que dejar muy claro que no han comido nada en todo '
[319/966] 70853d3e-5ae6-4f85-ae1f-c760dd047c31/transcription_1 (12s): 'Odio a la gente que te tiene que dejar muy claro que no han comido nada en todo '
[320/966] 089096d9-1c23-4f1e-8757-92dcb7afae12/transcription_1 (12s): 'Odio a la gente que te tiene que dejar muy claro que no han comido nada en todo '
[321/966] 754668f4-5fde-4b50-be2d-146ed486c862/transcription_1 (17s): 'Dime Te llamo luego Manu, que ahora no puedo hablar, ¿vale? ¿Eres tonto o qué? Q'
[322/966] b8c65560-b816-4e3c-aa75-1dd5c7a555eb/transcription_1 (18s): 'Dime Te llamo luego Manu, que ahora no puedo hablar, ¿vale? ¿Eres tonto o qué? Q'
[323/966] 1dde927a-bc3c-4918-a32d-2ad60fe727ea/transcription_1 (17s): 'Dime Te llamo luego Manu, que ahora no puedo hablar, ¿vale? ¿Eres tonto o qué? Q'
[324/966] 2128555e-ef42-424c-82e2-cb40190a781b/transcription_1 (17s): 'Dime Te llamo luego Manu, que ahora no puedo hablar, ¿vale? ¿Eres tonto o qué? Q'
[325/966] a9846372-fe70-4857-b081-7a2a396ab227/transcription_1 (51s): '¡Separados! ¡Laura, Laura, Laura! ¿Es mucha berenjena? Así, mira, así. Unos dadi'
[326/966] 7dd48b64-c71a-4f17-930b-16600c1ffeda/transcription_1 (49s): '¡Separados! ¡Laura, Laura, Laura! ¿Es mucha berenjena? Así, mira, así. Unos dadi'
[327/966] 84b141e1-f1fd-4593-8af9-a0b40f67014d/transcription_1 (49s): '¡Separados! ¡Laura, Laura, Laura! ¿Es mucha berenjena? Así, mira, así. Unos dadi'
[328/966] bb3a67e0-6e1c-4f16-891e-c4bb8ef80a8b/transcription_1 (8s): 'Y yo, literal, está leyendo el chat ahora mismo, eh. Sí, sí, sí. Mira, no le qui'
[329/966] 206ad121-4d84-443c-93fc-f5d679275178/transcription_1 (8s): 'Y yo, literal, está leyendo el chat ahora mismo, eh. Sí, sí, sí. Mira, no le qui'
[330/966] 3a46abfd-2af3-42a4-b020-7514c9fbd233/transcription_1 (7s): 'Ah, yo sé la clave. ¡Invente, Román, invente! ¿Qué me dices, Tommy? Y me lo pone'
[331/966] cb51b739-e6be-402f-9e4e-bffe0c65d414/transcription_1 (7s): 'Ah, yo sé la clave. ¡Invente, Román, invente! ¿Qué me dices, Tommy? Y me lo pone'
[332/966] e370c48e-9da3-49b6-98ff-f96bd10d8d6f/transcription_1 (7s): 'Ah, yo sé la clave. ¡Invente, Román, invente! ¿Qué me dices, Tommy? Y me lo pone'
[333/966] d03ff1dd-ba27-4dd2-8136-10dba2c63597/transcription_1 (7s): 'Ah, yo sé la clave. ¡Invente, Román, invente! ¿Qué me dices, Tommy? Y me lo pone'
[334/966] 229a1e5a-df78-4882-ad6a-212986fff23a/transcription_1 (20s): 'Seguimos con la argentinidad, el palo en el mundo, difícil conseguir mejores hel'
[335/966] c9cb16fc-a242-46b1-9cc2-582449d88d38/transcription_1 (21s): 'Seguimos con la argentinidad, el palo en el mundo, difícil conseguir mejores hel'
[336/966] 09546310-faa7-4c40-b5e7-6d8dec7d3b69/transcription_1 (21s): 'Seguimos con la argentinidad, el palo en el mundo, difícil conseguir mejores hel'
[337/966] 86aefda0-573e-439c-aa5c-c5b898b50b71/transcription_1 (21s): 'Seguimos con la argentinidad, el palo en el mundo, difícil conseguir mejores hel'
[338/966] 9ccac5c2-9e3a-4467-bb31-6b815192e29e/transcription_1 (13s): '¿Cómo lo estás llevando el embarazo? Me encuentro bastante mal, pero no pasa nad'
[339/966] c8fdefac-2e38-41ef-9b60-92e8a2a57d06/transcription_1 (13s): '¿Cómo lo estás llevando el embarazo? Me encuentro bastante mal, pero no pasa nad'
[340/966] 04ced7ee-79cd-4437-8560-e295426adbc2/transcription_1 (13s): '¿Cómo lo estás llevando el embarazo? Me encuentro bastante mal, pero no pasa nad'
[341/966] 31f89e32-c860-442d-a0f9-1985196cba4e/transcription_1 (14s): 'Chicos, una pregunta, ¿me podrían dejar algo suelto para cocinar a la gente de l'
[342/966] 8b59c2c3-a685-4842-b8da-df6765461a18/transcription_1 (14s): 'Chicos, una pregunta, ¿me podrían dejar algo suelto para cocinar a la gente de l'
[343/966] 1538d793-2900-4610-8214-c4141260cd30/transcription_1 (514s): 'Salamada Tandi Bali Hola amigos, ¿qué tal? Hoy vamos a donar para ayudar a todos'
[344/966] 01e69b9a-218a-4d2a-856a-288907474871/transcription_1 (38s): 'Son las 2 de la mañana en Seúl, Corea del Sur. Tengo muchísima hambre. Vamos a u'
[345/966] 4cf75795-13d4-4cd6-b7c7-495feda90ecd/transcription_1 (37s): 'Son las 2 de la mañana en Seúl, Corea del Sur. Tengo muchísima hambre. Vamos a u'
[346/966] de3fd74d-7456-4e7a-b7e8-d797fe8f7fa8/transcription_1 (37s): 'Son las 2 de la mañana en Seúl, Corea del Sur. Tengo muchísima hambre. Vamos a u'
[347/966] da8e7960-b5c9-417b-8089-c4962c2dd6e3/transcription_1 (19s): 'Cosas que no te darán envidia del otro. Darnao no te dará envidia que en vez de '
[348/966] a49f0f7c-e215-44a1-8c46-ea8d7d27fa25/transcription_1 (20s): 'Cosas que no te darán envidia del otro. Darnao no te dará envidia que en vez de '
[349/966] 3f434a8b-0335-4fbf-a627-ddfcc4c9fa94/transcription_1 (20s): 'Cosas que no te darán envidia del otro. Darnao no te dará envidia que en vez de '
[350/966] 47b9f058-e65b-4d96-ae47-4417347aff25/transcription_1 (20s): 'Cosas que no te darán envidia del otro. Darnao no te dará envidia que en vez de '
[351/966] 0f0ae3e8-0a40-4a91-8834-fb235f6cc41f/transcription_1 (16s): 'Cosas positivas de llevar 16 años juntos. Me conoce también que si le pregunto c'
[352/966] af5e282d-2dce-4955-880f-0a99cfd13b8c/transcription_1 (16s): 'Cosas positivas de llevar 16 años juntos. Me conoce también que si le pregunto c'
[353/966] 2730c120-cd43-41bb-a4f3-dc718b3319ac/transcription_1 (20s): 'Hay una cosa que yo nunca he entendido. ¿Vale? La gente que está aquí detrás de '
[354/966] 77e4bc36-e32f-4a19-9c36-b88b3a5b583c/transcription_1 (20s): 'Hay una cosa que yo nunca he entendido. ¿Vale? La gente que está aquí detrás de '
[355/966] e128782a-bb9e-4573-8512-87081a95589d/transcription_1 (20s): 'Hay una cosa que yo nunca he entendido. ¿Vale? La gente que está aquí detrás de '
[356/966] 79fd65ff-3223-48a8-9d5d-5fe1cc8db8da/transcription_1 (14s): 'Es como una mujer, dime mi amor, mira quien vino chat, tu sabes que ella siempre'
[357/966] c4dc4450-6654-4ecc-8940-3ec136d4ca25/transcription_1 (14s): 'Es como una mujer, dime mi amor, mira quien vino chat, tu sabes que ella siempre'
[358/966] 1eb53816-fc3c-4b72-aaa0-07c8f16f7234/transcription_1 (21s): 'Ahora, enhorabuena por su elección. Este sistema de alarma consta de tres sensor'
[359/966] ea0ebe72-23b0-444c-b833-0fe05fa1c62a/transcription_1 (21s): 'Ahora, enhorabuena por su elección. Este sistema de alarma consta de tres sensor'
[360/966] 722c5841-cf7d-4e34-b97a-b6db282176e4/transcription_1 (21s): 'Ahora, enhorabuena por su elección. Este sistema de alarma consta de tres sensor'
[361/966] 3a306af6-7b01-4012-84cc-e97d2b4dcf8a/transcription_1 (21s): 'Ahora, enhorabuena por su elección. Este sistema de alarma consta de tres sensor'
[362/966] 5b997d60-83f1-4c29-ba72-9cb4d43f8e6f/transcription_1 (21s): 'Ahora, enhorabuena por su elección. Este sistema de alarma consta de tres sensor'
[363/966] 62284a79-6903-46d0-86f9-ea52c2f4380a/transcription_1 (48s): 'Hola. Sí, un pequeño malentendido. Mauri y yo solo somos amigos, solo compartimo'
[364/966] 3e08005d-fc9e-4564-8313-74afe807a793/transcription_1 (48s): 'Hola. Sí, un pequeño malentendido. Mauri y yo solo somos amigos, solo compartimo'
[365/966] 585a1745-9064-43cf-80c2-8b35cb288b79/transcription_1 (48s): 'Hola. Sí, un pequeño malentendido. Mauri y yo solo somos amigos, solo compartimo'
[366/966] 06314442-07ea-4065-b5b2-3a695144ed8d/transcription_1 (48s): 'Hola. Sí, un pequeño malentendido. Mauri y yo solo somos amigos, solo compartimo'
[367/966] d46378d5-8f99-4a5c-bb14-d3fa6c26f878/transcription_1 (18s): 'Si vas a Coachella, ¿cómo te vestirías? ¿Serías de estas que se hacen el look hi'
[368/966] 69644bc8-2b38-4dc8-9666-76e2b14164c4/transcription_1 (41s): 'Si vas a Coachella, ¿cómo te vestirías? ¿Serías de estas que se hacen el look hi'
[369/966] 2e9c2d85-dd62-4a2b-856c-50ebac35f928/transcription_1 (16s): 'Si vas a Coachella, ¿cómo te vestirías? ¿Serías de estas que se hacen el look hi'
[370/966] b7350ed0-73c0-4b07-ad8d-8542bf4a4fd7/transcription_1 (8s): 'Perdona, perdona. Por 50 pavos. Ah. ¿Serías capaz de partir un plátano en dos me'
[371/966] dc4ca76e-047d-4d7d-8ff0-89455d6308ad/transcription_1 (8s): 'Perdona, perdona. Por 50 pavos. Ah. ¿Serías capaz de partir un plátano en dos me'
[372/966] e2493f37-800e-408f-8d99-14a19d132930/transcription_1 (25s): 'Aguanta aquí. Vale, prevenidos. Ahora vamos a ir caminando lento, a doble tiempo'
[373/966] 0ee64fb1-5615-41ff-b9cc-e48c55403b32/transcription_1 (25s): 'Aguanta aquí. Vale, prevenidos. Ahora vamos a ir caminando lento, a doble tiempo'
[374/966] 794ddf61-ee9a-4872-b559-091deb271b2c/transcription_1 (28s): 'Aguanta aquí. Vale, prevenidos. Ahora vamos a ir caminando lento, a doble tiempo'
[375/966] 003ca016-f1c7-45e7-b79a-057ab8caea1f/transcription_1 (29s): 'Aguanta aquí. Vale, prevenidos. Ahora vamos a ir caminando lento, a doble tiempo'
[376/966] d91e2d8d-86ed-4a9c-bb3d-b02b9f326d4e/transcription_1 (12s): '¿Qué ropa crees que es una red flag en alguien? O sea, yo, como ejemplo, voy a p'
[377/966] 04578c9d-2190-4ce6-b04b-fc415d47537f/transcription_1 (12s): '¿Qué ropa crees que es una red flag en alguien? O sea, yo, como ejemplo, voy a p'
[378/966] 04578c9d-2190-4ce6-b04b-fc415d47537f/transcription_2 (18s): 'Si vas a Coachella, ¿cómo te vestirías? ¿Serías de estas que se hacen el look hi'
[379/966] dd704dc4-8664-4fd4-a770-7b21536cb265/transcription_1 (25s): 'Yo aprobé el examen de conducir por simpática. ¿Por simpática? Yo me examiné en '
[380/966] 8d59e936-888e-4014-bdb0-3acf752b31f8/transcription_1 (24s): 'Yo aprobé el examen de conducir por simpática. ¿Por simpática? Yo me examiné en '
[381/966] 7149835d-5e86-4f20-9e41-ba523657e282/transcription_1 (7s): 'es una perla es una perla es una perla es una perla nadie se fía nadie se fía es'
[382/966] 10041a95-00f0-48fd-9b70-ab82871e0066/transcription_1 (3s): '¿Cuál es la vitamina del sol? La vitamina C. C no. C. C tiene naranja, kiwi, vit'
[383/966] 964635ed-70d8-4159-b0f2-ffa66cac9191/transcription_1 (26s): 'Hoy en un capítulo de ¿Qué hay detrás de la tele? ¿Cómo es venir a un programa d'
[384/966] eca00468-224a-46e6-866e-6fa803899f98/transcription_1 (7s): 'House tour de la casa de mis abuelos. Vámonos. Salón, vamos. Cocina, vamos. Come'
[385/966] c73424bd-b905-4194-8f3c-57bff0923efa/transcription_1 (5s): 'A ver, habla como mujer. Bueno, cuando estoy hablando con los vatos que los voy '
[386/966] 9a6dd7e4-030e-419f-9761-bd5a51c13f82/transcription_1 (4s): 'A ver, habla como mujer. Bueno, cuando estoy hablando con los vatos que los voy '
[387/966] 82155257-f44f-49c9-8eac-1064941817bd/transcription_1 (7s): 'Batalla de canciones ¿Quién tiene mejor gusto musical? Esta era una broma No ent'
[388/966] ffa85705-7a01-4d19-b6dc-9ed1b4ec5e16/transcription_1 (6s): 'Batalla de canciones ¿Quién tiene mejor gusto musical? Esta era una broma No ent'
[389/966] 96aa6d29-984d-4672-9fd9-2b02f6956a4e/transcription_1 (6s): 'Batalla de canciones ¿Quién tiene mejor gusto musical? Esta era una broma No ent'
[390/966] d1836eee-e648-4961-89e8-fda292519dcd/transcription_1 (25s): 'Hola y bienvenidos a Preguntas Incorrectas. Quien responda bien o piense más de '
[391/966] 19b2b46f-9659-4b89-99df-56fe9cd6ea07/transcription_1 (24s): 'Hola y bienvenidos a Preguntas Incorrectas. Quien responda bien o piense más de '
[392/966] 7674da4f-105d-42d0-88a0-8ad63cc77264/transcription_1 (3s): 'mentira a que voy super guapa que guapa vas gracias ultima copa ya nos vamos a c'
[393/966] ed1acff6-ce70-4cf8-9545-1fbd44b5046d/transcription_1 (3s): 'mentira a que voy super guapa que guapa vas gracias ultima copa ya nos vamos a c'
[394/966] c5be6254-7811-4422-8a77-d029fc4d00fb/transcription_1 (3s): 'mentira a que voy super guapa que guapa vas gracias ultima copa ya nos vamos a c'
[395/966] a6037139-eef7-46db-809d-be050d72e8a4/transcription_1 (10s): 'Coge la laca, coge la laca un segundo, porfa. Daniela, la laca. La laca. Y el pe'
[396/966] 1359ad72-fd3f-4f6f-a7ea-b5226208f757/transcription_1 (10s): 'Coge la laca, coge la laca un segundo, porfa. Daniela, la laca. La laca. Y el pe'
[397/966] 5a40af57-e4a2-4a1f-8e07-8e7259c59705/transcription_1 (10s): 'estamos en Javier he venido por primera vez a un viaje familiar de Dani que os d'
[398/966] 69aaaa38-b6e2-4028-99a2-e861f6e41289/transcription_1 (15s): 'Ay, Dios mío. Ay, me ha parecido ver a mi padre. No. ¿Pero cuál? O sea, ¿qué me '
[399/966] b3828fe1-c660-4c4b-a357-50b9bca33448/transcription_1 (15s): 'Ay, Dios mío. Ay, me ha parecido ver a mi padre. No. ¿Pero cuál? O sea, ¿qué me '
[400/966] f7d166d2-6b4b-41c7-878e-200a98c02be4/transcription_1 (5s): 'Se te acaba de sacar el carnet, ¿no? No, no, si yo no tengo carnet, si tengo 12 '
[401/966] 78e59f97-8ee8-4175-a13d-53d7340ee2c0/transcription_1 (15s): 'Bro, esos tenis son originales. ¿Cómo los ves? Pues, no tengo esos, pero pues se'
[402/966] 669377d4-18f1-42f4-9a28-d8e75634f432/transcription_1 (14s): 'Bro, esos tenis son originales. ¿Cómo los ves? Pues, no tengo esos, pero pues se'
[403/966] f678a414-f672-49bf-b61c-76eaeca8d55d/transcription_1 (14s): 'Bro, esos tenis son originales. ¿Cómo los ves? Pues, no tengo esos, pero pues se'
[404/966] 2a77b2b5-bc15-4871-aa52-7a4594e45bf8/transcription_1 (14s): 'Bro, esos tenis son originales. ¿Cómo los ves? Pues, no tengo esos, pero pues se'
[405/966] a981582a-3f2f-4ed0-ad20-72bed08d042d/transcription_1 (14s): 'Bro, esos tenis son originales. ¿Cómo los ves? Pues, no tengo esos, pero pues se'
[406/966] 2235eaf1-3d54-4314-9642-d108cd50bd72/transcription_1 (13s): '¿Qué cuantos años tenés? 33 Tenés como mi mamá ¿Tu mamá tiene 33? Tiene 34, cump'
[407/966] 297cdebb-e310-4dc2-bb2a-da28a607862a/transcription_1 (13s): '¿Qué cuantos años tenés? 33 Tenés como mi mamá ¿Tu mamá tiene 33? Tiene 34, cump'
[408/966] 2ce02942-dab7-46dd-8df9-9ec97a549416/transcription_1 (13s): '¿Qué cuantos años tenés? 33 Tenés como mi mamá ¿Tu mamá tiene 33? Tiene 34, cump'
[409/966] ebf7860c-6edd-42f1-97fb-0ffc9b0c9fc9/transcription_1 (13s): '¿Qué cuantos años tenés? 33 Tenés como mi mamá ¿Tu mamá tiene 33? Tiene 34, cump'
[410/966] c2df7529-0d4d-4d1b-8f87-69ba9806fb01/transcription_1 (13s): '¿Qué cuantos años tenés? 33 Tenés como mi mamá ¿Tu mamá tiene 33? Tiene 34, cump'
[411/966] bc338581-bf60-4031-9670-8d0060c5de7d/transcription_1 (13s): '¿Qué cuantos años tenés? 33 Tenés como mi mamá ¿Tu mamá tiene 33? Tiene 34, cump'
[412/966] 06929575-3d08-49bb-be98-135bf5dedb9b/transcription_1 (13s): '¿Qué cuantos años tenés? 33 Tenés como mi mamá ¿Tu mamá tiene 33? Tiene 34, cump'
[413/966] ba03c887-32d8-4fd5-8a98-934186f4fcd3/transcription_1 (19s): 'Pero tú te ves muy joven, ¿eh? Qué locura también, ¿eh? Sí me veo jovencita, per'
[414/966] 2f16c155-2d19-4408-8814-1e8a8eebd73e/transcription_1 (18s): 'Pero tú te ves muy joven, ¿eh? Qué locura también, ¿eh? Sí me veo jovencita, per'
[415/966] 9753c451-7ce4-4bf6-84cc-e8c35d06893a/transcription_1 (18s): 'Pero tú te ves muy joven, ¿eh? Qué locura también, ¿eh? Sí me veo jovencita, per'
[416/966] 4d47101b-88f0-4632-ab4e-9e9a8e5186da/transcription_1 (18s): 'Pero tú te ves muy joven, ¿eh? Qué locura también, ¿eh? Sí me veo jovencita, per'
[417/966] b4921082-9669-4199-9d7c-c156a5832f28/transcription_1 (18s): 'Pero tú te ves muy joven, ¿eh? Qué locura también, ¿eh? Sí me veo jovencita, per'
[418/966] 90bf82eb-21c9-419e-aa5f-7c8caeabee11/transcription_1 (19s): 'Pero tú te ves muy joven, ¿eh? Qué locura también, ¿eh? Sí me veo jovencita, per'
[419/966] ef0f7cbd-f98e-4b8e-9bf6-61667f9b65b0/transcription_1 (12s): 'Tú has dicho que has gastado dos millones en un año y medio. Sí. No me lo creo. '
[420/966] ef0f7cbd-f98e-4b8e-9bf6-61667f9b65b0/transcription_2 (18s): 'Pero tú te ves muy joven, qué locura también. Sí me veo jovencita, pero... Te lo'
[421/966] a22489cb-aa4e-47a3-bd71-9d6c4832012a/transcription_1 (12s): 'Tú has dicho que has gastado dos millones en un año y medio. Sí. No me lo creo. '
[422/966] c003647e-2409-4d8b-ade7-65b25a53357b/transcription_1 (12s): 'Tú has dicho que has gastado dos millones en un año y medio. Sí. No me lo creo. '
[423/966] 98782bbe-c8a9-4200-a717-d8aa8e118f61/transcription_1 (13s): 'Tú has dicho que has gastado dos millones en un año y medio. Sí. No me lo creo. '
[424/966] 38f25d32-41a6-4383-879d-2724e6592161/transcription_1 (13s): 'Tú has dicho que has gastado dos millones en un año y medio. Sí. No me lo creo. '
[425/966] 0a30c129-c9b6-49e7-9b4f-b5665a34160f/transcription_1 (12s): 'Tú has dicho que has gastado dos millones en un año y medio. Sí. No me lo creo. '
[426/966] cded20a7-ae0d-4f2a-90f8-c980dd81c43f/transcription_1 (6s): 'Ah, Bad Bunny salió. Mami, no te enchules, yo no soy J. Wheeler. Mami, no te enc'
[427/966] 81b23699-3438-4f25-a960-f3417a7c2cd4/transcription_1 (6s): 'Ah, Bad Bunny salió. Mami, no te enchules, yo no soy J. Wheeler. Mami, no te enc'
[428/966] ae4cba28-0acb-40a6-ad43-3402262d8c63/transcription_1 (6s): 'Ah, Bad Bunny salió. Mami, no te enchules, yo no soy J. Wheeler. Mami, no te enc'
[429/966] 876b89fc-a037-4195-8e7a-a24cf7da7564/transcription_1 (6s): 'Ah, Bad Bunny salió. Mami, no te enchules, yo no soy J. Wheeler. Mami, no te enc'
[430/966] 04d5841d-a68c-42a7-9013-afdbf8fd90b6/transcription_1 (2s): 'Che, Franjo, ¿estás preparado para hacer...'
[431/966] d17d9dcd-eda3-4f23-adc7-8050e374c1a2/transcription_1 (2s): 'Che, Franjo, ¿estás preparado para hacer...'
[432/966] 1174547d-b924-4cc8-9fc7-ec86bb923581/transcription_1 (2s): 'Che, Franjo, ¿estás preparado para hacer...'
[433/966] b05f6d4f-3d11-4d32-81a1-acabc010c654/transcription_1 (19s): 'Esto mucha gente no lo sabrá, pero el domingo es cuando se vienen los cacharrito'
[434/966] c3635d88-4871-41af-9cdd-b0e80aa4a745/transcription_1 (20s): 'Esto mucha gente no lo sabrá, pero el domingo es cuando se vienen los cacharrito'
[435/966] db6688c7-0434-4a9a-a07d-9f9be05f85ae/transcription_1 (20s): 'Esto mucha gente no lo sabrá, pero el domingo es cuando se vienen los cacharrito'
[436/966] aebc07e8-2994-4f5a-ba9f-b883334ff757/transcription_1 (20s): 'Esto mucha gente no lo sabrá, pero el domingo es cuando se vienen los cacharrito'
[437/966] 326ce72e-8371-4b15-afc5-8138a8e65f61/transcription_1 (14s): 'El que sea menos simétrico, prepara la comida. Yo. Ojalá, sería la primera vez e'
[438/966] 1483b35e-e84a-44c0-b755-4d04369b3dcd/transcription_1 (14s): 'El que sea menos simétrico, prepara la comida. Yo. Ojalá, sería la primera vez e'
[439/966] 9ccb1654-968d-4c9d-9938-5d07ea9848b4/transcription_1 (14s): 'El que sea menos simétrico, prepara la comida. Yo. Ojalá, sería la primera vez e'
[440/966] e6fe2057-7f37-4193-9818-7b210e89589f/transcription_1 (14s): 'El que sea menos simétrico, prepara la comida. Yo. Ojalá, sería la primera vez e'
[441/966] 630b6fa0-ec38-43be-b317-d5e4195233b5/transcription_1 (4s): 'Hola, me llamo Dani y hablo español perfecto. Mentira. Mentira. ¿Tú hablas españ'
[442/966] 09ed5470-8b3c-4280-8ab4-4de42183bcc9/transcription_1 (4s): 'Hola, me llamo Dani y hablo español perfecto. Mentira. Mentira. ¿Tú hablas españ'
[443/966] 91e7c357-08b4-423b-9e44-9e9b1772a4c7/transcription_1 (6s): 'Hola, me llamo Dani y hablo español perfecto. Mentira. Mentira. ¿Tú hablas españ'
[444/966] 15fb2158-4e21-4ee7-bd4a-51ffb9ce6316/transcription_1 (63s): '¿Qué estás comiendo? Soy de Argentina. No, ¿qué estás comiendo? ¿Qué me estás pe'
[445/966] 6c195b59-77d7-43ed-b7cf-e7a091643b73/transcription_1 (61s): '¿Qué estás comiendo? Soy de Argentina. No, ¿qué estás comiendo? ¿Qué me estás pe'
[446/966] e3f82a50-43f9-47ab-b6cd-714b7419db41/transcription_1 (61s): '¿Qué estás comiendo? Soy de Argentina. No, ¿qué estás comiendo? ¿Qué me estás pe'
[447/966] 3a4be81c-46ab-4f24-8a18-81fa0f0f3b8a/transcription_1 (3s): '¿Esto es la de la salsa pica? Sí, sí, es ella. ¿La salsa pica? Claro, bebé, clar'
[448/966] 68aa8163-bbcd-40b5-a448-474689bc310c/transcription_1 (3s): '¿Esto es la de la salsa pica? Sí, sí, es ella. ¿La salsa pica? Claro, bebé, clar'
[449/966] 7472f571-5851-45ec-aead-7d498dc9e06d/transcription_1 (3s): '¿Esto es la de la salsa pica? Sí, sí, es ella. ¿La salsa pica? Claro, bebé, clar'
[450/966] db32f68f-d98c-4e80-b9cf-9d525d622c10/transcription_1 (3s): '¿Esto es la de la salsa pica? Sí, sí, es ella. ¿La salsa pica? Claro, bebé, clar'
[451/966] a84ea196-7c1e-4f34-a42f-2900ba797386/transcription_1 (5s): 'Voy a enseñarle a mi amiga mi nariz de antes de operarme para que reaccione. Ell'
[452/966] ace78364-c456-4f43-b9bc-111a088ede6f/transcription_1 (5s): 'Voy a enseñarle a mi amiga mi nariz de antes de operarme para que reaccione. Ell'
[453/966] 7c4067b8-71c4-46a3-a9d5-333256579867/transcription_1 (5s): 'Voy a enseñarle a mi amiga mi nariz de antes de operarme para que reaccione. Ell'
[454/966] d820d67e-029e-483a-a285-e26ae3e1c889/transcription_1 (5s): 'Voy a enseñarle a mi amiga mi nariz de antes de operarme para que reaccione. Ell'
[455/966] 4f5fc5e7-e40f-463c-8129-ed1bfa5dbd12/transcription_1 (5s): 'Voy a enseñarle a mi amiga mi nariz de antes de operarme para que reaccione. Ell'
[456/966] 185b3bb6-4020-45b4-afb6-a4daade108bf/transcription_1 (4s): 'Hola, ¿qué tal? Bien, aquí. ¿Cómo estás? Bien. Te he preguntado. Oye, oye, una c'
[457/966] a6a33335-a304-4010-877a-3c52f97a62ee/transcription_1 (4s): 'Hola, ¿qué tal? Bien, aquí. ¿Cómo estás? Bien. Te he preguntado. Oye, oye, una c'
[458/966] 13beded5-1875-49e9-825a-fe2b9a1b55b0/transcription_1 (4s): 'Hola, ¿qué tal? Bien, aquí. ¿Cómo estás? Bien. Te he preguntado. Oye, oye, una c'
[459/966] e6a5e146-7470-4730-a248-3f2049e25d56/transcription_1 (4s): 'Hola, ¿qué tal? Bien, aquí. ¿Cómo estás? Bien. Te he preguntado. Oye, oye, una c'
[460/966] cd5604a3-d188-4396-b7e7-94dd64aac361/transcription_1 (7s): 'Mira, dos euros por esto, no te los gastes, seguro que no te explican cómo se ha'
[461/966] 1503cd73-7847-4db2-9be9-77b2a44d244c/transcription_1 (7s): 'Mira, dos euros por esto, no te los gastes, seguro que no te explican cómo se ha'
[462/966] 1085472c-b1f3-4877-bc85-8a092fb8eb60/transcription_1 (7s): 'Mira, dos euros por esto, no te los gastes, seguro que no te explican cómo se ha'
[463/966] c9a159fd-1013-4219-987a-d43047f4b016/transcription_1 (80s): "Día 34. Cruzando Latinoamérica en busca del mejor país. Queso pa' Panamá. Vale, "
[464/966] ec0202f7-4fd0-4505-be34-36a6ca3b356c/transcription_1 (82s): "Día 34. Cruzando Latinoamérica en busca del mejor país. Queso pa' Panamá. Vale, "
[465/966] 6f2a3f2e-b3f9-4cb3-a79d-153a418b00b0/transcription_1 (84s): "Día 34. Cruzando Latinoamérica en busca del mejor país. Queso pa' Panamá. Vale, "
[466/966] 09154ef0-84ea-4f85-9c9e-0263697d018e/transcription_1 (9s): 'Soy un profesional de Pokémon. ¡Tangela! ¿Y yo cómo lo sé? Además desenroscó la '
[467/966] 9a7f1d6e-1989-4958-af49-2a3e5baf1c6e/transcription_1 (9s): 'Soy un profesional de Pokémon. ¡Tangela! ¿Y yo cómo lo sé? Además desenroscó la '
[468/966] d5bd4e6b-d9fb-4a11-a215-6416eed85f9d/transcription_1 (9s): 'Soy un profesional de Pokémon. ¡Tangela! ¿Y yo cómo lo sé? Además desenroscó la '
[469/966] 86123023-0c4c-4547-8ab8-19ad31bf70ec/transcription_1 (8s): 'Soy un profesional de Pokémon. ¡Tangela! ¿Y yo cómo lo sé? Además desenroscó la '
[470/966] 06133421-41fe-4531-997e-62423af0e575/transcription_1 (5s): 'Porque este ratito de cabello español es un... ¿Qué hablas? ¿Ratito de cabello? '
[471/966] 779afec8-9c7e-4240-b4d1-83394874269b/transcription_1 (5s): 'Porque este ratito de cabello español es un... ¿Qué hablas? ¿Ratito de cabello? '
[472/966] 091b785b-3371-499f-aa23-ca1b1040b3c2/transcription_1 (5s): 'Porque este ratito de cabello español es un... ¿Qué hablas? ¿Ratito de cabello? '
[473/966] d22a883a-6503-4bdf-a0bb-91a0f38228e5/transcription_1 (5s): 'Porque este ratito de cabello español es un... ¿Qué hablas? ¿Ratito de cabello? '
[474/966] 4f55169f-c795-4aa8-b7a2-17e9ad5afca4/transcription_1 (16s): 'Madre mía, a este le pasa una cosa en Pinterest Tienes el vídeo por ahí Era un p'
[475/966] 53edada9-7d99-44c5-81eb-4adb5ecdbb59/transcription_1 (15s): 'Madre mía, a este le pasa una cosa en Pinterest Tienes el vídeo por ahí Era un p'
[476/966] 29728b3f-0f8b-4d68-a1eb-b4764bdb705a/transcription_1 (15s): 'Madre mía, a este le pasa una cosa en Pinterest Tienes el vídeo por ahí Era un p'
[477/966] 685b836b-b2fb-4fb1-8bcf-0fa1677b4f52/transcription_1 (15s): 'Madre mía, a este le pasa una cosa en Pinterest Tienes el vídeo por ahí Era un p'
[478/966] 19fe3c62-723a-4935-8293-190c5d82b19b/transcription_1 (15s): 'Madre mía, a este le pasa una cosa en Pinterest Tienes el vídeo por ahí Era un p'
[479/966] bb6f0eb3-3959-4f4e-b311-dae03ced1620/transcription_1 (18s): 'Nuestro hijo está durmiendo. Es tarde y nos apetece algo dulce. Así que apunta e'
[480/966] fc91ce31-1f83-40a9-89c6-160d86b59ac7/transcription_1 (18s): 'Nuestro hijo está durmiendo. Es tarde y nos apetece algo dulce. Así que apunta e'
[481/966] 835f7098-2e85-4bd1-95f1-94b5263ecece/transcription_1 (18s): 'Nuestro hijo está durmiendo. Es tarde y nos apetece algo dulce. Así que apunta e'
[482/966] b5248f9a-33d2-4320-8857-b8bd6004545f/transcription_1 (11s): '¿Cuánto te damos? Buah, a mí no me hace falta que me deis nada. ¿Cómo que no? ¿C'
[483/966] 7e030bae-61df-4131-9e97-8fecbc3885e9/transcription_1 (12s): '¿Cuánto te damos? Buah, a mí no me hace falta que me deis nada. ¿Cómo que no? ¿C'
[484/966] 9085527a-dd5e-4d6a-8cde-5dad09c6e722/transcription_1 (12s): '¿Cuánto te damos? Buah, a mí no me hace falta que me deis nada. ¿Cómo que no? ¿C'
[485/966] ae5c663c-a67a-4d47-b17b-3c6c0a886804/transcription_1 (12s): '¿Cuánto te damos? Buah, a mí no me hace falta que me deis nada. ¿Cómo que no? ¿C'
[486/966] d906932b-6139-4e9f-ad63-c9de3e095d48/transcription_1 (36s): 'Desde milipili, ¿ok? ¿Cuántos autos tienen en su familia? Cuatro. Cuatro. Tres. '
[487/966] 6c2e91f9-f2f3-4313-b6a0-260602da816f/transcription_1 (35s): 'Desde milipili, ¿ok? ¿Cuántos autos tienen en su familia? Cuatro. Cuatro. Tres. '
[488/966] d39201f2-469f-4cdc-a1da-fa166d2feb58/transcription_1 (35s): 'Desde milipili, ¿ok? ¿Cuántos autos tienen en su familia? Cuatro. Cuatro. Tres. '
[489/966] f49638fa-0505-432c-8e79-a799aa96c50b/transcription_1 (81s): 'mira mira mira ese cartel que es de la otegira papá mamá podemos ir a la otegira'
[490/966] 55b2bbf6-9480-4682-93ba-777f41d85c91/transcription_1 (80s): 'mira mira mira ese cartel que es de la otegira papá mamá podemos ir a la otegira'
[491/966] ea103670-482a-4783-b70b-99843033b6cc/transcription_1 (80s): 'mira mira mira ese cartel que es de la otegira papá mamá podemos ir a la otegira'
[492/966] d8efa140-9465-4d65-8cd6-f7c6bbf8e166/transcription_1 (1290s): '¿Qué se dice? Es lo que ha sonado ayer. Sí, pero, o sea, es que no me jodas. Que'
[493/966] b362029c-7862-43fc-a55d-9b8f35ca252f/transcription_1 (1279s): '¿Qué se dice? Es lo que ha sonado ayer. Sí, pero, o sea, es que no me jodas. Que'
[494/966] 9e968fa7-a90a-4344-99da-ae2fd8a18583/transcription_1 (1324s): '¿Qué se dice? Es lo que ha sonado ayer. Sí, pero, o sea, es que no me jodas. Que'
[495/966] e857a76c-6b1a-4fae-be97-caa4c0a05044/transcription_1 (1220s): '¿Qué se dice? Es lo que ha sonado ayer. Sí, pero, o sea, es que no me jodas. Que'
[496/966] eed45c8a-9678-497b-b822-2263fe05f92a/transcription_1 (1236s): '¿Qué se dice? Es lo que ha sonado ayer. Sí, pero, o sea, es que no me jodas. Que'
[497/966] 8c4cd9df-214e-4e9a-83ee-c7b4cbebe43b/transcription_1 (1243s): '¿Qué se dice? Es lo que ha sonado ayer. Sí, pero, o sea, es que no me jodas. Que'
[498/966] c66675e6-bfae-46fd-9c7f-8d425efd3a82/transcription_1 (1252s): '¿Qué se dice? Es lo que ha sonado ayer. Sí, pero, o sea, es que no me jodas. Que'
[499/966] e84ab853-4b3a-4b97-9f00-15798bac194d/transcription_1 (1247s): '¿Qué se dice? Es lo que ha sonado ayer. Sí, pero, o sea, es que no me jodas. Que'
[500/966] 8c910ec1-1964-4248-9403-b76d77cb35c1/transcription_1 (1241s): '¿Qué se dice? Es lo que ha sonado ayer. Sí, pero, o sea, es que no me jodas. Que'
[501/966] b67a079a-7774-453b-a8b0-13204ecb4977/transcription_1 (1217s): '¿Qué se dice? Es lo que ha sonado ayer. Sí, pero, o sea, es que no me jodas. Que'
[502/966] cd759750-31ac-47a9-80d6-f8615a78f4ab/transcription_1 (1232s): '¿Qué se dice? Es lo que ha sonado ayer. Sí, pero, o sea, es que no me jodas. Que'
[503/966] 52673424-f60e-4e82-b19d-cf109bf78280/transcription_1 (1256s): '¿Qué se dice? Es lo que ha sonado ayer. Sí, pero, o sea, es que no me jodas. Que'
[504/966] b1728c11-6329-4829-98fe-f35d2d52a16f/transcription_1 (1292s): '¿Qué se dice? Es lo que ha sonado ayer. Sí, pero, o sea, es que no me jodas. Que'
[505/966] 002012f3-ae57-4154-ae69-6dc5859dae4f/transcription_1 (1314s): '¿Qué se dice? Es lo que ha sonado ayer. Sí, pero, o sea, es que no me jodas. Que'
[506/966] bf28f696-11d0-40ad-8393-d874a958face/transcription_1 (1311s): '¿Qué se dice? Es lo que ha sonado ayer. Sí, pero, o sea, es que no me jodas. Que'
[507/966] 09facde2-8a19-4a9d-b582-03fcc159e954/transcription_1 (1311s): '¿Qué se dice? Es lo que ha sonado ayer. Sí, pero, o sea, es que no me jodas. Que'
[508/966] 47d01b71-eef7-424d-9e03-178f203aa0d5/transcription_1 (1320s): '¿Qué se dice? Es lo que ha sonado ayer. Sí, pero, o sea, es que no me jodas. Que'
[509/966] 2bd68a75-500e-4221-bde7-2dd2b7f8cc30/transcription_1 (4s): '¡Va a llorar, va a llorar, va a llorar, va a llorar! Se asustó conmigo, perra. V'
[510/966] 2a8cbf3e-493f-4ed9-aa57-9f4dc4d7ad1b/transcription_1 (4s): '¡Va a llorar, va a llorar, va a llorar, va a llorar! Se asustó conmigo, perra. V'
[511/966] a64b04bf-fb9a-4872-be6c-17356aa87602/transcription_1 (4s): '¡Va a llorar, va a llorar, va a llorar, va a llorar! Se asustó conmigo, perra. V'
[512/966] 54796692-50ab-4d5f-bff2-e718b3f62dbc/transcription_1 (8s): 'Fue esta... ...figa de agua Plata de atún Y esta... Sopa Pou Sopa Pou No No, per'
[513/966] 20f384e0-8c5a-4e80-bb98-4242d1395458/transcription_1 (8s): 'Fue esta... ...figa de agua Plata de atún Y esta... Sopa Pou Sopa Pou No No, per'
[514/966] 36734c39-978a-4959-8280-acc8cbe59960/transcription_1 (8s): 'Fue esta... ...figa de agua Plata de atún Y esta... Sopa Pou Sopa Pou No No, per'
[515/966] f9f9c100-b9c4-4c7d-81f6-2f964bd862d1/transcription_1 (8s): 'Fue esta... ...figa de agua Plata de atún Y esta... Sopa Pou Sopa Pou No No, per'
[516/966] 22650cb9-a7c6-4fd2-808f-433368dea062/transcription_1 (10s): '¡Jilipollas! ¡Huevara coche a tu madre, pelotuda mamagüeva! ¡Cara de hijo! ¡Puta'
[517/966] 048b0e45-b314-47eb-95aa-84f6e6116a6f/transcription_1 (10s): '¡Jilipollas! ¡Huevara coche a tu madre, pelotuda mamagüeva! ¡Cara de hijo! ¡Puta'
[518/966] 1d642729-54bf-48d0-b6b3-f4acb4cb4087/transcription_1 (72s): '¿Qué precio tienen las empanadas? Dos mil, mi amor. ¿Me da por favor doscientas '
[519/966] da67ba45-155e-4b92-b28c-bc5310c464a4/transcription_1 (71s): '¿Qué precio tienen las empanadas? Dos mil, mi amor. ¿Me da por favor doscientas '
[520/966] d36e13ed-e0ff-4c5a-ad9f-3afdd37057b0/transcription_1 (71s): '¿Qué precio tienen las empanadas? Dos mil, mi amor. ¿Me da por favor doscientas '
[521/966] 6a0ee1b8-0af7-4cf9-ae6c-5ad682366c4a/transcription_1 (71s): '¿Qué precio tienen las empanadas? Dos mil, mi amor. ¿Me da por favor doscientas '
[522/966] 832389b1-ea81-4f28-a507-a2521f74a623/transcription_1 (72s): '¿Qué precio tienen las empanadas? Dos mil, mi amor. ¿Me da por favor doscientas '
[523/966] 8982498d-16b0-434b-80dd-97636fc2e099/transcription_1 (7s): 'Mis viajeros, siguiente parada y seguimos subiendo y subiendo escaleras, seguimo'
[524/966] c6f813cc-5584-491e-9c6f-6a68ebb8bd9b/transcription_1 (7s): 'Mis viajeros, siguiente parada y seguimos subiendo y subiendo escaleras, seguimo'
[525/966] b4928bb8-37f4-48be-8a34-5dbcbcd6aa97/transcription_1 (7s): 'Mis viajeros, siguiente parada y seguimos subiendo y subiendo escaleras, seguimo'
[526/966] 1823f98e-a37c-482e-97e2-80d758605d1b/transcription_1 (30s): 'Empezó la semana de tono Llegamos a Lollingland Gromando el muro de 2024 de todo'
[527/966] d6812e0d-e7df-4346-b70b-e8ce74431244/transcription_1 (30s): 'Empezó la semana de tono Llegamos a Lollingland Gromando el muro de 2024 de todo'
[528/966] 4ea8a008-937e-4c3a-a902-eefe2efd9b1e/transcription_1 (14s): 'Elige tres cosas de tu tienda, si consigo juntarlas y que no vomite, no vuelvo a'
[529/966] 4d4c66be-ccb5-4b55-abe4-99eab15676c0/transcription_1 (14s): 'Elige tres cosas de tu tienda, si consigo juntarlas y que no vomite, no vuelvo a'
[530/966] 8a77bee3-43be-432b-a2cc-6b8780feeace/transcription_1 (14s): 'Elige tres cosas de tu tienda, si consigo juntarlas y que no vomite, no vuelvo a'
[531/966] e03ad590-5bf0-4b62-a082-8b1a2f8ea87d/transcription_1 (6s): 'Está llorando de verdad, mamá. Se ha llevado una mala ya. ¿Por qué? Pues yo más '
[532/966] ac14c845-688b-4f59-ba69-9742cabbb4da/transcription_1 (6s): 'Está llorando de verdad, mamá. Se ha llevado una mala ya. ¿Por qué? Pues yo más '
[533/966] c9a334ec-160d-4a32-a475-9b47db0ee6a0/transcription_1 (6s): 'Está llorando de verdad, mamá. Se ha llevado una mala ya. ¿Por qué? Pues yo más '
[534/966] 3d7345c2-9e08-4894-b37f-f91d6dcf1e21/transcription_1 (6s): 'Está llorando de verdad, mamá. Se ha llevado una mala ya. ¿Por qué? Pues yo más '
[535/966] 1c07f9a1-507f-463a-8cc0-e149b3a65300/transcription_1 (14s): 'necesito un consejo de ustedes me gusta mucho la chica de seguridad como le pued'
[536/966] e5672b55-8452-4c99-8b5c-1002a7d5802c/transcription_1 (14s): 'necesito un consejo de ustedes me gusta mucho la chica de seguridad como le pued'
[537/966] 1c6958aa-d36f-44a8-90e3-115d48635754/transcription_1 (14s): 'necesito un consejo de ustedes me gusta mucho la chica de seguridad como le pued'
[538/966] 83b7c130-7c12-44e5-a0ab-03c2837c9436/transcription_1 (15s): 'necesito un consejo de ustedes me gusta mucho la chica de seguridad como le pued'
[539/966] b6623329-8b4b-49e8-b360-599fd6dab174/transcription_1 (14s): 'necesito un consejo de ustedes me gusta mucho la chica de seguridad como le pued'
[540/966] e6023329-4ca8-426b-9d37-a73a3438421f/transcription_1 (14s): 'necesito un consejo de ustedes me gusta mucho la chica de seguridad como le pued'
[541/966] 93bbce93-c553-46c2-8511-f34a5db73a77/transcription_1 (12s): '¿Por qué estás solo, amigo? Pues... ¿Qué pasa? ¿Por qué estás solo? Es que... es'
[542/966] 5f126644-5709-4da7-b150-c4b4e99658c4/transcription_1 (13s): '¿Por qué estás solo, amigo? Pues... ¿Qué pasa? ¿Por qué estás solo? Es que... es'
[543/966] 8ccac07e-1a65-4261-9b49-97a2dfd2a1a3/transcription_1 (13s): '¿Por qué estás solo, amigo? Pues... ¿Qué pasa? ¿Por qué estás solo? Es que... es'
[544/966] 87f822d7-c2e8-4857-a8b6-0d4199e4c542/transcription_1 (12s): '¿Por qué estás solo, amigo? Pues... ¿Qué pasa? ¿Por qué estás solo? Es que... es'
[545/966] 4edb2481-f9e4-4327-a948-20a1e5929fdd/transcription_1 (13s): '¿A qué quiere hacer? A lo 8 Tengo 3 dedos Tienes que me sorprender ¿Tres dedos t'
[546/966] e0140736-b13e-44c9-b3c5-1a4c1af2eed6/transcription_1 (12s): '¿A qué quiere hacer? A lo 8 Tengo 3 dedos Tienes que me sorprender ¿Tres dedos t'
[547/966] 8d4fca35-3147-4a40-917d-253dada9d34b/transcription_1 (12s): '¿A qué quiere hacer? A lo 8 Tengo 3 dedos Tienes que me sorprender ¿Tres dedos t'
[548/966] 9bef31e2-1042-4b40-bb6b-7dd65f96c38e/transcription_1 (17s): '¿Cómo te llamas? No voy a decir mi nombre Vale, pues di un nombre secreto, rollo'
[549/966] a96a3185-64a7-4587-97be-eee2370e7e0b/transcription_1 (17s): '¿Cómo te llamas? No voy a decir mi nombre Vale, pues di un nombre secreto, rollo'
[550/966] 63b55b79-0f7d-4a98-805f-1267c0d6b983/transcription_1 (17s): '¿Cómo te llamas? No voy a decir mi nombre Vale, pues di un nombre secreto, rollo'
[551/966] 1a5dd1f7-fff7-4dfb-8cb1-891c3574d588/transcription_1 (17s): '¿Cómo te llamas? No voy a decir mi nombre Vale, pues di un nombre secreto, rollo'
[552/966] 4bfc0d7d-a334-452d-82ae-ceb6dd2d2625/transcription_1 (10s): 'Ok, la ve... ¿Quién? ¿Quién? Yo Otra vez mi mamá Entonces, hermanas Usted creo q'
[553/966] ad5cf93b-9436-4669-ac16-79608122b186/transcription_1 (10s): 'Ok, la ve... ¿Quién? ¿Quién? Yo Otra vez mi mamá Entonces, hermanas Usted creo q'
[554/966] 660a9207-550c-4ba9-b280-3f329d4621ad/transcription_1 (8s): 'Madre mía, estoy rodeado de gente y nadie se da cuenta de esta foto, eh, mira Mi'
[555/966] 1fb76635-6353-4b2c-b6ed-3e048d8411ec/transcription_1 (8s): 'Madre mía, estoy rodeado de gente y nadie se da cuenta de esta foto, eh, mira Mi'
[556/966] 0c67aa8b-00e4-4e3f-8329-322a95cc5580/transcription_1 (8s): 'No, que impote, que haces? Donde estas? Que ha pasado? Como te has metido? Veni,'
[557/966] dc12053d-17a6-484a-ba8e-00344a62a3fa/transcription_1 (8s): 'No, que impote, que haces? Donde estas? Que ha pasado? Como te has metido? Veni,'
[558/966] c922c69c-e5aa-4ad6-b5e5-6d21e59407d5/transcription_1 (8s): 'No, que impote, que haces? Donde estas? Que ha pasado? Como te has metido? Veni,'
[559/966] 2082c071-3e00-471e-b089-9f6ed34539a9/transcription_1 (40s): '¿Promociona algo de TVE? Sí, ¿qué quieres que promocione? ¿Qué ves, qué te gusta'
[560/966] 86a41b3c-9b23-472d-9966-70a5f1c65f03/transcription_1 (19s): '¿Pero por qué hablas así? ¿Qué acento tienes, concretamente? ¿De qué zona de Per'
[561/966] 6049b54b-124c-4868-a2af-4487bc618522/transcription_1 (18s): '¿Pero por qué hablas así? ¿Qué acento tienes, concretamente? ¿De qué zona de Per'
[562/966] 74044ca5-c314-4815-9577-2a8f765129ea/transcription_1 (5s): 'Tío, me da vergüenza aceptar lo mucho que estoy utilizando ChatGPT últimamente y'
[563/966] e107d459-660b-4e01-9c92-ee151269b8e0/transcription_1 (14s): 'Ay, amigas, día 2 en Río de Janeiro y hace mal tiempo, llueve, el día está gris.'
[564/966] 0e3d6d8a-e4de-46fa-8e3f-e550ca530aca/transcription_1 (14s): 'Ay, amigas, día 2 en Río de Janeiro y hace mal tiempo, llueve, el día está gris.'
[565/966] 87d6004a-dab5-4fec-a031-c91700cb8cbb/transcription_1 (15s): '¿Así vas a ir a la favela? ¿En serio, macho? ¿Qué pasa, eh? Cambiate el shortcit'
[566/966] 18bd5c34-2867-4ee0-8501-52cec9a23aaf/transcription_1 (13s): 'Yo cada vez que veo tus stories, Clara, de ahora estoy en el monte, ahora estoy '
[567/966] 38c1224f-fac4-4016-84cb-4a03d34b1d45/transcription_1 (20s): 'Oye, qué guapa tu camiseta. Ah, fija. Te la cambio por esta Mystery Box. Uf, se '
[568/966] 38c1224f-fac4-4016-84cb-4a03d34b1d45/transcription_2 (2s): 'a qué te hace referencia la palabra esta tras la pregunta de del madrid'
[569/966] 5e2fa9e6-9157-4cd5-9498-37a12b10b892/transcription_1 (5s): 'Voy a enseñarle a mi amiga mi nariz de antes de operarme para que reaccione. Ell'
[570/966] 5e2fa9e6-9157-4cd5-9498-37a12b10b892/transcription_2 (3s): '¿A qué hace referencia la otra en el primer turno de conversación?'
[571/966] d4337cea-a773-4c29-b6ef-d77d18cc035f/transcription_1 (303s): 'Hola Paco, ¿cómo estás? Bien. ¿Preparado para el reto? Bien, vale. Venga, empeza'
[572/966] d4337cea-a773-4c29-b6ef-d77d18cc035f/transcription_2 (3s): '¿Cuál es la entonación predominante en las preguntas del primer hablante?'
[573/966] e3431fca-e072-4b30-801b-dd90b83ebb7a/transcription_1 (248s): 'Me llamo Mari Carmen Berenguer Lafuente. Empecé que me costaba trabajo correr, m'
[574/966] e3431fca-e072-4b30-801b-dd90b83ebb7a/transcription_2 (3s): 'cuando se dice todas las noches le doy gracias por el día a quién se está refiri'
[575/966] 972457cb-e320-4602-830c-bed4dd76fbd1/transcription_1 (308s): 'Hola Paco, ¿cómo estás? Bien. ¿Preparado para el reto? Bien, vale. Venga, empeza'
[576/966] 972457cb-e320-4602-830c-bed4dd76fbd1/transcription_2 (3s): '¿Los interlocutores mantienen las pausas necesarias para entenderse?'
[577/966] 7a633015-c903-430d-a0b3-39276b4ec303/transcription_1 (7s): 'El principio fundamental de la filosofía de Nietzsche es el concepto de vida. La'
[578/966] 7a633015-c903-430d-a0b3-39276b4ec303/transcription_2 (2s): '¿Cuál es la contradicción?'
[579/966] db357a1f-1984-44f3-b4b2-4d9e06a7a076/transcription_1 (121s): 'Hola, buenos días José Luis. Hola, ¿qué tal? Bien, ¿qué tal tú el viaje en ambul'
[580/966] db357a1f-1984-44f3-b4b2-4d9e06a7a076/transcription_2 (2s): '¿El paciente es capaz de realizar frases largas?'
[581/966] d18ecc38-9045-49a6-8933-2ac87c8ced49/transcription_1 (10s): 'Uy, esto qué mal quech. Tendrá que ir recto esto, ¿no? ¡Ay, que se cae! ¡Albert!'
[582/966] d18ecc38-9045-49a6-8933-2ac87c8ced49/transcription_2 (3s): '¿Qué pista contextual es más determinante para concluir la emoción final del hab'
[583/966] c1656a1c-ff56-4a15-8175-a4675856e96a/transcription_1 (253s): 'Música Música Música Música Música Música Música Música Música Música Música Mús'
[584/966] c1656a1c-ff56-4a15-8175-a4675856e96a/transcription_2 (3s): '¿A qué género se ajustan más la estructura y el contenido del vídeo?'
[585/966] 53290fa6-2917-4225-85e1-5553283a3516/transcription_1 (65s): 'Yo hace 8 años era incapaz de imaginar, nunca se me acababa la discapacidad. Yo '
[586/966] 53290fa6-2917-4225-85e1-5553283a3516/transcription_2 (3s): '¿A qué género se ajustan más la estructura y el contenido del video?'
[587/966] ce98ffd2-803d-465a-8394-a9ef413176f6/transcription_1 (78s): 'Bueno, te vas a dañar, te vas a dañar, te vas a dañar, te vas a dañar, te vas a '
[588/966] ce98ffd2-803d-465a-8394-a9ef413176f6/transcription_2 (3s): '¿Qué significa el ruido que se oye durante el principio del vídeo?'
[589/966] 4c47f75b-eaf1-4920-a314-a40af43bbc01/transcription_1 (89s): 'Mucho trabajo preparando todo lo que vamos a servir esta noche. Así mismo entonc'
[590/966] 4c47f75b-eaf1-4920-a314-a40af43bbc01/transcription_2 (3s): '¿Dónde están los hablantes?'
[591/966] 31efeb47-6835-4cd0-8621-bd2eb2007e4b/transcription_1 (18s): 'Dime Te llamo luego Manu, que ahora no puedo hablar, ¿vale? ¿Eres tonto o qué? Q'
[592/966] 31efeb47-6835-4cd0-8621-bd2eb2007e4b/transcription_2 (3s): '¿Dónde está el hablante principal?'
[593/966] c8bbd7b2-3fc2-4990-b914-d93b271f37f1/transcription_1 (64s): '¿Qué estás comiendo? Soy de Argentina. No, ¿qué estás comiendo? ¿Qué me estás pe'
[594/966] c8bbd7b2-3fc2-4990-b914-d93b271f37f1/transcription_2 (3s): '¿En qué interacción aparece el español por primera vez?'
[595/966] 36cac806-eb5a-48be-afb8-72f847873332/transcription_1 (7s): '¿Sí? ¡Seguridad, por favor! ¡Seguridad! ¡Hala! ¡Toma! ¡El calvo! ¡Pedón! ¡Gracia'
[596/966] 36cac806-eb5a-48be-afb8-72f847873332/transcription_2 (3s): '¿Qué permite inferir la risa del chico teniendo en cuenta que no recibe respuest'
[597/966] 0d12e23c-b818-464f-8874-c4bc94939c05/transcription_1 (58s): 'Bueno, este ratito de muerdo español, es un susto El ratito, el ratito, ese es q'
[598/966] 0d12e23c-b818-464f-8874-c4bc94939c05/transcription_2 (2s): '¿Qué tipo de interacción parece producirse entre las dos hablantes?'
[599/966] 77310ff0-2d88-442e-ab14-40fae07eb161/transcription_1 (478s): '12 y 23 minutos de la mañana. Está sentado aquí hoy con nosotros Juan Ramón Amor'
[600/966] 77310ff0-2d88-442e-ab14-40fae07eb161/transcription_2 (2s): '¿Qué persona tiene un habla más difícil de comprender?'
[601/966] dc27b1cb-edd5-431e-a7ed-f21c2fdf366d/transcription_1 (20s): '¿Pero por qué hablas así? ¿Qué acento tienes, concretamente? ¿De qué zona de Per'
[602/966] dc27b1cb-edd5-431e-a7ed-f21c2fdf366d/transcription_2 (3s): '¿La voz que habla con acento latinoamericano es sintética?'
[603/966] b941ad48-3f0e-472b-8f57-4b2107459ae8/transcription_1 (278s): '¿Cuál quieres? Una persona que se mueve mucho para conseguir todo para que yo no'
[604/966] b941ad48-3f0e-472b-8f57-4b2107459ae8/transcription_2 (2s): '¿Cuál es el segundo sonido que se aprecia en el fragmento?'
[605/966] 2c7fa3e1-d101-440b-9c63-fec8071e77bb/transcription_1 (905s): '¡Suscríbete al canal! ¡Suscríbete al canal! ¡Suscríbete al canal! ¡Suscríbete al'
[606/966] 2c7fa3e1-d101-440b-9c63-fec8071e77bb/transcription_2 (3s): '¿Dónde están los hablantes?'
[607/966] 72d47f67-de64-4916-9b67-1d6d2a0c6481/transcription_1 (957s): 'Muy buenas a todos y bienvenidos un día más en la vida de Sofía Agnone Hoy es ma'
[608/966] 72d47f67-de64-4916-9b67-1d6d2a0c6481/transcription_2 (3s): '¿Quién menciona el problema de no saber hacer fotos es quien lo soluciona?'
[609/966] bf2f491e-aed1-468d-916e-615aa273917e/transcription_1 (1317s): '¿Qué se dice? Es lo que ha sonado ayer. Sí, pero, o sea, es que no me jodas. Que'
[610/966] bf2f491e-aed1-468d-916e-615aa273917e/transcription_2 (3s): '¿El hablante que tiene una opinión sobre piedra, y el que la contradice es el mi'
[611/966] affcf694-91f7-4ee4-aef1-b5570bc9e236/transcription_1 (200s): 'Comía poco y cada comida era muy larga, muy cansada. Después vienen los peligros'
[612/966] affcf694-91f7-4ee4-aef1-b5570bc9e236/transcription_2 (3s): 'Después de que Raúl explique por qué decidió crear un blog sobre la enfermedad, '
[613/966] ecf80f64-6a76-4563-8eae-e4abc7523e1e/transcription_1 (477s): '12 y 23 minutos de la mañana. Está sentado aquí hoy con nosotros Juan Ramón Amor'
[614/966] ecf80f64-6a76-4563-8eae-e4abc7523e1e/transcription_2 (2s): '¿Hay público presencial en el plató?'
[615/966] 4f3cf594-9406-4b14-8f54-11ecf901f59f/transcription_1 (9s): '¿Tú qué tal en el amor? El amor fatal. ¿Fatal en qué sentido? A ver. Mira, porqu'
[616/966] 4f3cf594-9406-4b14-8f54-11ecf901f59f/transcription_2 (2s): '¿Qué significado refuerza la música de fondo?'
[617/966] f6807ab8-fe2d-432d-9e4e-07ad5e50d577/transcription_1 (485s): '12 y 23 minutos de la mañana. Está sentado aquí hoy con nosotros Juan Ramón Amor'
[618/966] f6807ab8-fe2d-432d-9e4e-07ad5e50d577/transcription_2 (3s): '¿A qué género se ajustan más la estructura y el contenido del vídeo?'
[619/966] 4a241fd7-41f3-4da2-ba14-eb874de84718/transcription_1 (1458s): 'Bienvenidos de nuevo. Ya estamos en el Ecuador del Congreso, en la tercera sesió'
[620/966] 4a241fd7-41f3-4da2-ba14-eb874de84718/transcription_2 (3s): 'Tras la presentación, en algún momento se escuchan las voces del público de fond'
[621/966] 74d63801-6298-47f5-82ce-a24ec7d37c78/transcription_1 (9s): 'Soy un profesional de Pokémon. ¡Tangela! ¿Y yo cómo lo sé? Además desenroscó la '
[622/966] 74d63801-6298-47f5-82ce-a24ec7d37c78/transcription_2 (2s): '¿Qué dinámica parece estar ocurriendo entre los participantes?'
[623/966] b5c7df8f-6049-4cd6-9598-6667efe1c5c2/transcription_1 (12s): '¿Tú has venido solo? Sí. ¿De dónde? Dorense. ¿Hasta Salamanca? Corrente. ¿Has co'
[624/966] b5c7df8f-6049-4cd6-9598-6667efe1c5c2/transcription_2 (3s): '¿Quién domina la conversación?'
[625/966] 22cbb7af-5edb-45f3-931d-6250bdbc9c7f/transcription_1 (1502s): 'Hey, hey, ¿qué tal estáis, amigas? No os esperabais verme por aquí, ¿verdad? O s'
[626/966] 22cbb7af-5edb-45f3-931d-6250bdbc9c7f/transcription_2 (3s): 'quién le hace la carpintería a carlos'
[627/966] f97a3031-a49a-47ec-ba0c-0dc056d9f033/transcription_1 (16s): 'Ay, Dios mío. Ay, me ha parecido ver a mi padre. No. ¿Pero cuál? O sea, ¿qué me '
[628/966] f97a3031-a49a-47ec-ba0c-0dc056d9f033/transcription_2 (2s): '¿Quién ve al padre?'
[629/966] bbaf543e-ecd5-42b1-a59c-f3b18d2113a8/transcription_1 (8s): 'Patika, ¿con quién tendrías tú media horita sin cámaras? Con Zaira. ¿Qué te pasa'
[630/966] bbaf543e-ecd5-42b1-a59c-f3b18d2113a8/transcription_2 (2s): '¿En qué turno habla Zaira por primera vez?'
[631/966] f62fdee7-3ccc-4cf1-86d9-f98596a10291/transcription_1 (122s): 'Hola, buenos días José Luis. Hola, ¿qué tal? Bien, ¿qué tal tú el viaje en ambul'
[632/966] f62fdee7-3ccc-4cf1-86d9-f98596a10291/transcription_2 (2s): '¿La jerarquía de los turnos de palabra es homogénea?'
[633/966] b1e1681e-5337-4589-a2bc-dcb3bcdf8bd3/transcription_1 (12s): 'Tú has dicho que has gastado dos millones en un año y medio. Sí. No me lo creo. '
[634/966] b1e1681e-5337-4589-a2bc-dcb3bcdf8bd3/transcription_2 (3s): '¿Qué argumentos da la chica?'
[635/966] 2cca0b56-924f-434e-9b6b-2132cffe6bb0/transcription_1 (7s): 'Mira, dos euros por esto, no te los gastes, seguro que no te explican cómo se ha'
[636/966] 2cca0b56-924f-434e-9b6b-2132cffe6bb0/transcription_2 (2s): '¿Qué argumentos se dan?'
[637/966] 151b7cc4-b21c-42b1-a946-7ff61bb3994f/transcription_1 (4s): 'Antiguamente, el proceso de chapado en oro se realizaba así. Este marco está rec'
[638/966] 151b7cc4-b21c-42b1-a946-7ff61bb3994f/transcription_2 (2s): '¿Es una voz sintética?'
[639/966] c1498bd4-f5a6-4e65-ad49-e19d643feecb/transcription_1 (11s): 'No te saltes este vídeo. La mejor e-bike homologada por menos de 200 euros, equi'
[640/966] c1498bd4-f5a6-4e65-ad49-e19d643feecb/transcription_2 (3s): '¿Es una voz genuina o sintética?'
[641/966] 965e4a4c-7d2d-4161-8308-44c2424047b1/transcription_1 (271s): '¿Cuál quieres? Una persona que se mueve mucho para conseguir todo para que yo no'
[642/966] 965e4a4c-7d2d-4161-8308-44c2424047b1/transcription_2 (2s): 'a partir de referencias y elementos culturales de dónde es más probable que viva'
[643/966] 3fe8ae86-9e2e-47c7-aa2b-c8af9e5624c5/transcription_1 (289s): '¡Hola! ¿Cómo estamos? Hola guapos y guapas. Hoy voy a entrevistar para hacerle u'
[644/966] 3fe8ae86-9e2e-47c7-aa2b-c8af9e5624c5/transcription_2 (2s): 'Entre el minuto 3 y el 5, ¿qué se escucha de fondo?'
[645/966] 3d50b33a-2725-4979-a1e5-12557894c703/transcription_1 (245s): 'Música Música Música Música Música Música Música Música Música Música Música Mús'
[646/966] 3d50b33a-2725-4979-a1e5-12557894c703/transcription_2 (3s): '¿Qué sonido se puede llegar a escuchar de fondo entre los minutos 2 y 3?'
[647/966] 105a19f3-bacb-4db4-9c90-af7305f2d9fc/transcription_1 (6s): '¿Sí? ¡Seguridad, por favor! ¡Seguridad! ¡Hala! ¡Toma! ¡El calvo! ¡Pedón! ¡Gracia'
[648/966] 105a19f3-bacb-4db4-9c90-af7305f2d9fc/transcription_2 (2s): '¿Cuál es la interpretación más adecuada de esta situación comunicativa?'
[649/966] b2821baf-94db-4a1c-9e2a-5441285c2977/transcription_1 (13s): 'Hola, ¿lo del dentista este lo van a poner aquí o no? ¿Qué? ¿Qué digo? ¿Españole'
[650/966] b2821baf-94db-4a1c-9e2a-5441285c2977/transcription_2 (3s): '¿Qué responde el hombre cuando la mujer dice españoles de toda la vida?'
[651/966] 21afa152-4437-4c8b-b5e2-45ec63e95b8f/transcription_1 (132s): 'Yo sufrí un accidente de vascular encefálico el 21 de agosto y tuve como secuela'
[652/966] 21afa152-4437-4c8b-b5e2-45ec63e95b8f/transcription_2 (2s): '¿Qué se oye de fondo?'
[653/966] 1f02e6d4-c0e6-411f-a7ca-707bab57d996/transcription_1 (459s): '12 y 23 minutos de la mañana. Está sentado aquí hoy con nosotros Juan Ramón Amor'
[654/966] 1f02e6d4-c0e6-411f-a7ca-707bab57d996/transcription_2 (2s): '¿Qué ruido se puede llegar a escuchar de fondo en parte del minuto 11?'
[655/966] 8d2f8c6d-4241-403c-964c-0811f7d00921/transcription_1 (2s): 'IRL, la miseria de boxear con tu sombra No tengo'
[656/966] 8d2f8c6d-4241-403c-964c-0811f7d00921/transcription_2 (2s): '¿En qué contexto se produce el habla?'
[657/966] 86568542-8443-43ac-a34d-777cbc3747f6/transcription_1 (75s): 'A mí me diagnosticaron en el año 2009, llevaba ya un año y un ciento más siendo '
[658/966] 86568542-8443-43ac-a34d-777cbc3747f6/transcription_2 (2s): '¿Qué se escucha de fondo en el vídeo?'
[659/966] 78154b7a-6520-4c86-81e0-13c2d0a25a36/transcription_1 (138s): 'Yo sufrí un accidente de vascular encefálico el 21 de agosto y tuve como secuela'
[660/966] 78154b7a-6520-4c86-81e0-13c2d0a25a36/transcription_2 (2s): '¿Qué tipo de ruido ambiental se puede detectar?'
[661/966] a5e67a9f-519d-4f4d-9ae4-95f48dd9c5aa/transcription_1 (3s): '¡Hala! ¡Un ordenador! ¡Para clase va a venir ¡Wow! No sé quién está ahora mismo '
[662/966] a5e67a9f-519d-4f4d-9ae4-95f48dd9c5aa/transcription_2 (2s): '¿Qué es el ruido que se oye al inicio del video?'
[663/966] 0d19eb4c-4982-494e-a60a-8fbb588e6e75/transcription_1 (3s): 'Hola, ¿qué tal? Bien, aquí. ¿Cómo estás? Bien. Te he preguntado. Oye, oye, una c'
[664/966] 0d19eb4c-4982-494e-a60a-8fbb588e6e75/transcription_2 (2s): '¿Qué provoca el malentendido principal en la conversación?'
[665/966] e8982fc6-5792-4036-8fae-9e618b1d0382/transcription_1 (5s): 'Tío, me da vergüenza aceptar lo mucho que estoy utilizando ChatGPT últimamente y'
[666/966] e8982fc6-5792-4036-8fae-9e618b1d0382/transcription_2 (2s): '¿El audio tiene continuidad?'
[667/966] 9c669d8c-e455-43df-a1cf-11c63d95415d/transcription_1 (7s): 'Ah, yo sé la clave. ¡Invente, Román, invente! ¿Qué me dices, Tommy? Y me lo pone'
[668/966] 9c669d8c-e455-43df-a1cf-11c63d95415d/transcription_2 (2s): '¿Qué turno se oye la primera risa?'
[669/966] 3fa92443-095b-4bf6-84fe-5d448e25e213/transcription_1 (758s): 'Good morning in the morning Entiendo que tu ya has saludado, ¿no? No, todavía no'
[670/966] 3fa92443-095b-4bf6-84fe-5d448e25e213/transcription_2 (2s): '¿Quién parece estar incómodo con el silencio?'
[671/966] ca1eea59-262b-4c78-8237-70a8955d17ec/transcription_1 (6s): 'No se ve ni mi sal de este aporte Ya mi hermano está en la barroquia Vamos a hac'
[672/966] ca1eea59-262b-4c78-8237-70a8955d17ec/transcription_2 (2s): '¿Qué reacción provoca el comentario no sabe ni pisarle tú?'
[673/966] abcffa5b-0e4f-43cb-a308-fbff0c12098d/transcription_1 (66s): '¿Qué precio tienen las empanadas? Dos mil, mi amor. ¿Me da por favor doscientas '
[674/966] abcffa5b-0e4f-43cb-a308-fbff0c12098d/transcription_2 (3s): '¿Qué puede significar el silencio de la mujer justo después de que el hombre le '
[675/966] 1e940e51-a6e9-45dd-b02c-3adaac34f2de/transcription_1 (13s): 'Yo, chat, iba a la peluquería, tío, y tenía que ir con doble boxer porque veía l'
[676/966] 1e940e51-a6e9-45dd-b02c-3adaac34f2de/transcription_2 (3s): '¿Por qué hay un silencio tras la primera intervención?'
[677/966] 1e7aa404-e371-4cab-8da2-584170fc1e45/transcription_1 (73s): '24 horas después de tatuarme la rodilla, este es el estado de hinchazón de la ro'
[678/966] 1e7aa404-e371-4cab-8da2-584170fc1e45/transcription_2 (2s): '¿Quién parece estar incómodo con el silencio?'
[679/966] d4a181c7-d127-4631-ac4f-56960b3b1a07/transcription_1 (38s): '¿Promociona algo de TVE? Sí, ¿qué quieres que promocione? ¿Qué ves, qué te gusta'
[680/966] d4a181c7-d127-4631-ac4f-56960b3b1a07/transcription_2 (2s): '¿Quién es la persona invitada que está en la primera parte y luego se marcha?'
[681/966] e2693c51-cb56-4983-a3bf-9ea04b3319d2/transcription_1 (67s): 'Una de las patologías que trabajamos en el área de logopedia es la disartria y e'
[682/966] e2693c51-cb56-4983-a3bf-9ea04b3319d2/transcription_2 (2s): '¿Quién?'
[683/966] cc723a66-1304-4b42-b295-269258140956/transcription_1 (12s): 'Yo, chat, iba a la peluquería, tío, y tenía que ir con doble boxer porque veía l'
[684/966] cc723a66-1304-4b42-b295-269258140956/transcription_2 (2s): '¿Quién habla tras el primer silencio?'
[685/966] 564572fc-ca1c-4449-a0b3-91b3ae9cca7b/transcription_1 (7s): 'Ustedes lo llaman banderillas, nosotras lo llamamos instrumento de tortura, prov'
[686/966] 564572fc-ca1c-4449-a0b3-91b3ae9cca7b/transcription_2 (2s): '¿Cuál es la secuencia de turnos más probable?'
[687/966] c87b5293-ffd2-4e8f-89b4-4b51e78dbb84/transcription_1 (13s): 'Es como una mujer, dime mi amor, mira quien vino chat, tu sabes que ella siempre'
[688/966] c87b5293-ffd2-4e8f-89b4-4b51e78dbb84/transcription_2 (2s): '¿Quién habla en tercer lugar?'
[689/966] f77f8ae1-44d1-4179-b276-49b474c8b829/transcription_1 (7s): 'Ah, yo sé la clave. ¡Invente, Román, invente! ¿Qué me dices, Tommy? Y me lo pone'
[690/966] f77f8ae1-44d1-4179-b276-49b474c8b829/transcription_2 (2s): '¿Quién hace la primera pregunta?'
[691/966] 43bb37e2-792e-4993-9ea6-6fe006b1cd27/transcription_1 (9s): 'Coge la laca, coge la laca un segundo, porfa. Daniela, la laca. La laca. Y el pe'
[692/966] 43bb37e2-792e-4993-9ea6-6fe006b1cd27/transcription_2 (2s): '¿Quién habla después del golpe?'
[693/966] 43d128a4-6a88-49ab-91a7-1c48afff466d/transcription_1 (6s): 'Batalla de canciones ¿Quién tiene mejor gusto musical? Esta era una broma No ent'
[694/966] 43d128a4-6a88-49ab-91a7-1c48afff466d/transcription_2 (2s): '¿Quién habla primero?'
[695/966] 7e179761-3e8f-4e52-9b23-42c596636648/transcription_1 (8s): 'Patika, ¿con quién tendrías tú media horita sin cámaras? Con Zaira. ¿Qué te pasa'
[696/966] 7e179761-3e8f-4e52-9b23-42c596636648/transcription_2 (2s): '¿Cuál es el turno del hablante que emite la onomatopeya hui?'
[697/966] 4d066cac-b3c3-4f52-9fa3-c55b76a31386/transcription_1 (274s): '¡Hola! ¿Cómo estamos? Hola guapos y guapas. Hoy voy a entrevistar para hacerle u'
[698/966] 4d066cac-b3c3-4f52-9fa3-c55b76a31386/transcription_2 (2s): '¿Quién es? Papá.'
[699/966] 34751411-fe4f-4466-855e-e9c3e5829470/transcription_1 (14s): 'Gracias mamá, se lo dedico a mi madre porque, bueno, mi madre emprendió un sueño'
[700/966] 34751411-fe4f-4466-855e-e9c3e5829470/transcription_2 (2s): '¿En qué video la chica habla más?'
[701/966] 3de32209-3486-4847-9576-33bde9a59874/transcription_1 (11s): 'Señor, una consulta. ¿Usted alguna vez besó a un hombre? No. ¿Quiere que sea el '
[702/966] 3de32209-3486-4847-9576-33bde9a59874/transcription_2 (2s): '¿Cuántas conversaciones diferentes hay en este vídeo?'
[703/966] 05ee9f78-8fdb-43a0-a8b6-a9a118727c51/transcription_1 (216s): 'Son 5.42 Cuando les grabo mi skincare Siempre me dicen que les diga cuáles produ'
[704/966] 05ee9f78-8fdb-43a0-a8b6-a9a118727c51/transcription_2 (2s): '¿Quién habla más tiempo total?'
[705/966] 0f7095e7-9af9-47d1-9150-5f5e1ede1135/transcription_1 (19s): 'Hay una cosa que yo nunca he entendido. ¿Vale? La gente que está aquí detrás de '
[706/966] 0f7095e7-9af9-47d1-9150-5f5e1ede1135/transcription_2 (2s): '¿Quién habla más en el vídeo?'
[707/966] 4e607a49-43ac-40e3-a3b6-e1ae3b941e98/transcription_1 (74s): 'A mí me diagnosticaron en el año 2009, llevaba ya un año y un ciento más siendo '
[708/966] 4e607a49-43ac-40e3-a3b6-e1ae3b941e98/transcription_2 (2s): '¿El vídeo es un monólogo?'
[709/966] 86ead195-a812-414c-ba71-d43832e69432/transcription_1 (188s): 'Hola amigos, bienvenidos a nuestro canal Andando con Brian. Y hoy pues nuestro d'
[710/966] 86ead195-a812-414c-ba71-d43832e69432/transcription_2 (2s): '¿Quién interrumpe constantemente a los demás?'
[711/966] 9912d37e-59cd-478d-8561-4ff9557ca2ce/transcription_1 (21s): 'Mira, de verdad, yo no puedo más con las mentiras. Cosas que no te cuentan del c'
[712/966] 9912d37e-59cd-478d-8561-4ff9557ca2ce/transcription_2 (2s): '¿Quién interrumpe más?'
[713/966] ee0f2450-8f7a-48fe-ac60-cb403af018c4/transcription_1 (1436s): 'Hey, hey, ¿qué tal estáis, amigas? No os esperabais verme por aquí, ¿verdad? O s'
[714/966] ee0f2450-8f7a-48fe-ac60-cb403af018c4/transcription_2 (3s): '¿Quién habla el último?'
[715/966] ff8e8b09-cff7-41d6-bbc2-e63d8db815e1/transcription_1 (10s): 'Creo que todos tenemos días de que no queremos hacer nada y estos dos días atrás'
[716/966] ff8e8b09-cff7-41d6-bbc2-e63d8db815e1/transcription_2 (2s): '¿El hablante que empieza la conversación es el mismo que la sierra?'
[717/966] b7dbd88f-5460-4eca-a6c9-b8e358b9b031/transcription_1 (34s): 'Que luego tengo clase de canto. ¿Sigues dando clases de canto? Después del progr'
[718/966] b7dbd88f-5460-4eca-a6c9-b8e358b9b031/transcription_2 (2s): '¿Quién es interrumpido con más frecuencia?'
[719/966] d18cb7b6-8db0-493e-a66a-56e1442c4866/transcription_1 (11s): '¿A qué quiere hacer? A lo 8 Tengo 3 dedos Tienes que me sorprender ¿Tres dedos t'
[720/966] d18cb7b6-8db0-493e-a66a-56e1442c4866/transcription_2 (2s): '¿Quién es la última persona que habla?'
[721/966] 8b19151f-ea8b-4d46-94a7-cdb39d3c7033/transcription_1 (68s): 'Una de las patologías que trabajamos en el área de logopedia es la disartria y e'
[722/966] 8b19151f-ea8b-4d46-94a7-cdb39d3c7033/transcription_2 (2s): '¿Hay algún tipo de ruido ambiental?'
[723/966] bbc61b18-c8d4-45b1-adb3-842f1fd85c6e/transcription_1 (113s): 'Hola, buenos días José Luis. Hola, ¿qué tal? Bien, ¿qué tal tú el viaje en ambul'
[724/966] bbc61b18-c8d4-45b1-adb3-842f1fd85c6e/transcription_2 (2s): '¿Hay algún tipo de ruido ambiental?'
[725/966] 006e5e09-025d-406d-b633-f2c0fae32d0a/transcription_1 (286s): 'Hola Paco, ¿cómo estás? Bien. ¿Preparado para el reto? Bien, vale. Venga, empeza'
[726/966] 006e5e09-025d-406d-b633-f2c0fae32d0a/transcription_2 (3s): '¿Hay algún tipo de ruido ambiental de fondo?'
[727/966] 6e395f3c-1c6f-4307-90b0-d8ce826c34eb/transcription_1 (10s): 'Saúl, ¿quieres puntuar la tortilla española en Argentina? Quiero probarla, sí. E'
[728/966] 6e395f3c-1c6f-4307-90b0-d8ce826c34eb/transcription_2 (2s): '¿Qué significa que un hablante llame a otro David Muñoz?'
[729/966] 3fe8e81f-a459-4587-b9da-da641db46c9d/transcription_1 (22s): 'Yo soy filósofo. Como tal, he interiorizado esta definición socrática de la filo'
[730/966] 3fe8e81f-a459-4587-b9da-da641db46c9d/transcription_2 (2s): 'Gracias.'
[731/966] 7e7188e5-87f1-417d-b542-5c2e0d39f658/transcription_1 (7s): '¿Tenés alguna pregunta? ¿Padre rico, padre pobre? ¿Sabés dónde está? Sí Ah, ahí '
[732/966] 7e7188e5-87f1-417d-b542-5c2e0d39f658/transcription_2 (2s): '¿Qué político se nombra durante el audio?'
[733/966] 41186b7c-8264-42b0-aebb-ab3233994994/transcription_1 (19s): 'Hoy me gusta la vida mucho menos, pero siempre me gusta vivir, ya lo decía, casi'
[734/966] 41186b7c-8264-42b0-aebb-ab3233994994/transcription_2 (2s): '¿Quién es el autor del poema?'
[735/966] 452106a8-269e-4484-8fc2-1b3b5bab6390/transcription_1 (170s): 'Mi nombre es David Riaña Rivas, soy investigador científico a tono del Consejo S'
[736/966] 452106a8-269e-4484-8fc2-1b3b5bab6390/transcription_2 (3s): 'A partir de referencias y elementos culturales, ¿de dónde es más probable que se'
[737/966] aad4c1e9-d033-4604-b4e2-b01dc1f2c94c/transcription_1 (19s): 'Pero tú te ves muy joven, ¿eh? Qué locura también, ¿eh? Sí me veo jovencita, per'
[738/966] aad4c1e9-d033-4604-b4e2-b01dc1f2c94c/transcription_2 (2s): '¿Qué figura pública se menciona en el audio?'
[739/966] 6bd613c0-3d69-4577-b36d-795456290e00/transcription_1 (12s): 'Si hubiese venido Trump a llevarse a Franco, ¿estaríais de acuerdo? Tendrá que v'
[740/966] 6bd613c0-3d69-4577-b36d-795456290e00/transcription_2 (2s): '¿Quién interrumpe más veces?'
[741/966] e0112d71-114e-4d93-bc4b-b67954421fbf/transcription_1 (3s): '¿Esto es la de la salsa pica? Sí, sí, es ella. ¿La salsa pica? Claro, bebé, clar'
[742/966] e0112d71-114e-4d93-bc4b-b67954421fbf/transcription_2 (2s): '¿Sale alguna persona famosa?'
[743/966] e8baad13-d794-4ce3-8165-c43096874a36/transcription_1 (68s): 'Tienes ELA, la esperanza de vida es de 3 a 5 años, vas a ir perdiendo la movilid'
[744/966] e8baad13-d794-4ce3-8165-c43096874a36/transcription_2 (2s): '¿Quién es el Juan mencionado al final del video?'
[745/966] c203aaf8-ef94-42aa-9325-e1a3ce00162c/transcription_1 (70s): 'Una de las patologías que trabajamos en el área de logopedia es la disartria y e'
[746/966] c203aaf8-ef94-42aa-9325-e1a3ce00162c/transcription_2 (2s): '¿Los interlocutores respetan los turnos de palabra?'
[747/966] c11ecdd8-dca6-4ab4-b71c-b9a5cfee614e/transcription_1 (1382s): 'Bienvenidos de nuevo. Ya estamos en el Ecuador del Congreso, en la tercera sesió'
[748/966] c11ecdd8-dca6-4ab4-b71c-b9a5cfee614e/transcription_2 (4s): 'Las personas que hablan en el vídeo se interrumpen o se cortan en algún momento '
[749/966] 646fbc4a-40d1-4860-907a-05b8c8526698/transcription_1 (7s): 'Uno de mis filósofos favoritos es Spinoza. O sea, es un filósofo profundamente a'
[750/966] 646fbc4a-40d1-4860-907a-05b8c8526698/transcription_2 (3s): '¿A qué mujer se considera lectora radical?'
[751/966] a056d4cd-91e1-4044-9ec6-20b668490997/transcription_1 (7s): 'El turrón, hoy hemos conocido que sube un 16%, lo que me lleva a recordarte lo d'
[752/966] a056d4cd-91e1-4044-9ec6-20b668490997/transcription_2 (2s): '¿Qué es lo de Rufián?'
[753/966] 336a9e25-6661-40bd-a362-6d1957252267/transcription_1 (12s): '¿Tú vives acá en Perú? No. Ya sabía. ¿Dónde vives? No sé si eres de Perú. Pero..'
[754/966] 336a9e25-6661-40bd-a362-6d1957252267/transcription_2 (3s): '¿Dónde vive el segundo hablante?'
[755/966] 6d3d226c-35d3-4a28-af22-f0f9fc4e50ce/transcription_1 (621s): 'Bienvenidos a mi canal de youtube en el día de hoy les vamos a mostrar cómo es u'
[756/966] 6d3d226c-35d3-4a28-af22-f0f9fc4e50ce/transcription_2 (2s): '¿Quién parece más experta?'
[757/966] 132500c7-10bc-4ef0-ab2a-c0d75e82cc4e/transcription_1 (53s): 'Bueno, este ratito de muerdo español, es un susto El ratito, el ratito, ese es q'
[758/966] 132500c7-10bc-4ef0-ab2a-c0d75e82cc4e/transcription_2 (3s): '¿Qué tipo de identidad o perfil sociolingüístico proyecta la segunda hablante me'
[759/966] 71059527-9173-4b30-856b-fcee37b196cd/transcription_1 (458s): '12 y 23 minutos de la mañana. Está sentado aquí hoy con nosotros Juan Ramón Amor'
[760/966] 71059527-9173-4b30-856b-fcee37b196cd/transcription_2 (2s): '¿Quién es el alcalde en el vídeo?'
[761/966] 4a9b526b-6950-47bc-b4e4-bae6b0422708/transcription_1 (11s): 'Otro día siendo fotógrafo en el Mexico City Open. Empezamos un poquito más tarde'
[762/966] 4a9b526b-6950-47bc-b4e4-bae6b0422708/transcription_2 (2s): '¿Dónde hace fotos?'
[763/966] 8f55bf10-5d96-45f3-b603-5ee301eba381/transcription_1 (1057s): '¿Qué tía? O sea, no me puedo creer que ella esté aquí. Estoy en shock. Es que no'
[764/966] 8f55bf10-5d96-45f3-b603-5ee301eba381/transcription_2 (2s): '¿Dónde están?'
[765/966] 08fc02de-8941-42eb-965f-04d6b5d15bed/transcription_1 (6s): 'Uno de mis filósofos favoritos es Spinoza. O sea, es un filósofo profundamente a'
[766/966] 08fc02de-8941-42eb-965f-04d6b5d15bed/transcription_2 (2s): '¿A quién han revivido los lectores radicales?'
[767/966] afa9cf67-0e1d-4c45-9436-8bcca8e646e6/transcription_1 (19s): 'Oye, qué guapa tu camiseta. Ah, fija. Te la cambio por esta Mystery Box. Uf, se '
[768/966] afa9cf67-0e1d-4c45-9436-8bcca8e646e6/transcription_2 (2s): 'Describe el audio. Tu respuesta debe incluir la frase por otro lado.'
[769/966] cef77391-ad79-4dec-9a26-fe34e3292efe/transcription_1 (5s): 'Voy a enseñarle a mi amiga mi nariz de antes de operarme para que reaccione. Ell'
[770/966] cef77391-ad79-4dec-9a26-fe34e3292efe/transcription_2 (3s): '¿Qué ocurre en el audio? Tu respuesta debe incluir la frase como resultado.'
[771/966] 94489c48-8e28-47a2-b8e6-fd89fa10b714/transcription_1 (293s): 'Hola Paco, ¿cómo estás? Bien. ¿Preparado para el reto? Bien, vale. Venga, empeza'
[772/966] 94489c48-8e28-47a2-b8e6-fd89fa10b714/transcription_2 (3s): 'Resume lo que escuchas. Termina tu respuesta con en definitiva, eso es lo que se'
[773/966] 254be9d6-e39c-4af7-8d69-7c3ea510e677/transcription_1 (235s): 'Me llamo Mari Carmen Berenguer Lafuente. Empecé que me costaba trabajo correr, m'
[774/966] 254be9d6-e39c-4af7-8d69-7c3ea510e677/transcription_2 (2s): 'Explica el contenido del audio. Responde en un máximo de 20 palabras.'
[775/966] 62a0660e-0f65-4c40-846d-951c234370f4/transcription_1 (294s): 'Hola Paco, ¿cómo estás? Bien. ¿Preparado para el reto? Bien, vale. Venga, empeza'
[776/966] 62a0660e-0f65-4c40-846d-951c234370f4/transcription_2 (3s): 'Comenta sobre el audio. Presenta tu respuesta como una lista numerada de exactam'
[777/966] 19e601d8-f01a-485d-adc6-186ecb22c8fe/transcription_1 (7s): 'El principio fundamental de la filosofía de Nietzsche es el concepto de vida. La'
[778/966] 19e601d8-f01a-485d-adc6-186ecb22c8fe/transcription_2 (2s): 'Analiza el audio. No uses la palabra también en tu respuesta.'
[779/966] f6fb75c1-dc32-4d99-bfb9-330fb5abd34f/transcription_1 (120s): 'Hola, buenos días José Luis. Hola, ¿qué tal? Bien, ¿qué tal tú el viaje en ambul'
[780/966] f6fb75c1-dc32-4d99-bfb9-330fb5abd34f/transcription_2 (2s): 'Interpreta lo que oyes. Tu respuesta debe contener exactamente dos oraciones.'
[781/966] 7f27a543-96f0-4129-ba3d-aaf1dc9d354a/transcription_1 (10s): 'Uy, esto qué mal quech. Tendrá que ir recto esto, ¿no? ¡Ay, que se cae! ¡Albert!'
[782/966] 7f27a543-96f0-4129-ba3d-aaf1dc9d354a/transcription_2 (2s): 'Describe el audio. Escribe tu respuesta en un solo párrafo, sin saltos de línea.'
[783/966] 3cf6bc68-2da4-449b-a80f-3cf4856ae89b/transcription_1 (245s): 'Música Música Música Música Música Música Música Música Música Música Música Mús'
[784/966] 3cf6bc68-2da4-449b-a80f-3cf4856ae89b/transcription_2 (3s): '¿Qué ocurre en el audio? Tu respuesta debe tener al menos 80 palabras.'
[785/966] 27ecd43d-d8dd-482c-a57e-7651bd3ba47d/transcription_1 (63s): 'Yo hace 8 años era incapaz de imaginar, nunca se me acababa la discapacidad. Yo '
[786/966] 27ecd43d-d8dd-482c-a57e-7651bd3ba47d/transcription_2 (2s): 'Resume lo que escuchas. Comienza tu respuesta a partir del audio.'
[787/966] fd9a7404-9b9d-4fb3-a61e-028ea919933d/transcription_1 (76s): 'Bueno, te vas a dañar, te vas a dañar, te vas a dañar, te vas a dañar, te vas a '
[788/966] fd9a7404-9b9d-4fb3-a61e-028ea919933d/transcription_2 (3s): 'Explica el contenido del audio. Organiza tu respuesta en exactamente dos seccion'
[789/966] 0f0ff6f7-0fae-4322-914b-87868869300c/transcription_1 (83s): 'Mucho trabajo preparando todo lo que vamos a servir esta noche. Así mismo entonc'
[790/966] 0f0ff6f7-0fae-4322-914b-87868869300c/transcription_2 (2s): 'Comenta sobre el audio. Responde en un máximo de 30 palabras.'
[791/966] 9187fb0c-bb62-4273-acb1-d7bf8b36f65d/transcription_1 (17s): 'Dime Te llamo luego Manu, que ahora no puedo hablar, ¿vale? ¿Eres tonto o qué? Q'
[792/966] 9187fb0c-bb62-4273-acb1-d7bf8b36f65d/transcription_2 (3s): 'Analiza el audio. No uses la expresión ESDECIR en tu respuesta.'
[793/966] 5b5b6db7-eca9-429b-bcef-5b1222aee331/transcription_1 (62s): '¿Qué estás comiendo? Soy de Argentina. No, ¿qué estás comiendo? ¿Qué me estás pe'
[794/966] 5b5b6db7-eca9-429b-bcef-5b1222aee331/transcription_2 (2s): 'Interpreta lo que oyes, no uses la expresión entonces en tu respuesta.'
[795/966] 745415e4-8171-4f8d-bc9e-b4d20994450c/transcription_1 (6s): '¿Sí? ¡Seguridad, por favor! ¡Seguridad! ¡Hala! ¡Toma! ¡El calvo! ¡Pedón! ¡Gracia'
[796/966] 745415e4-8171-4f8d-bc9e-b4d20994450c/transcription_2 (2s): 'Describe el audio. Organiza tu respuesta en secciones usando encabezados marcado'
[797/966] 68f8fb10-38f1-4874-b8cd-a7cfded74fde/transcription_1 (54s): 'Bueno, este ratito de muerdo español, es un susto El ratito, el ratito, ese es q'
[798/966] 68f8fb10-38f1-4874-b8cd-a7cfded74fde/transcription_2 (2s): '¿Qué ocurre en el audio? Tu respuesta debe incluir al menos un número escrito en'
[799/966] d8ec0450-b4cb-4f47-a340-b78f7d1bf8ce/transcription_1 (457s): '12 y 23 minutos de la mañana. Está sentado aquí hoy con nosotros Juan Ramón Amor'
[800/966] d8ec0450-b4cb-4f47-a340-b78f7d1bf8ce/transcription_2 (2s): 'Resume lo que escuchas. No uses la palabra muy en tu respuesta.'
[801/966] 1db1e70b-dcf9-46be-a050-41b386eb516d/transcription_1 (18s): '¿Pero por qué hablas así? ¿Qué acento tienes, concretamente? ¿De qué zona de Per'
[802/966] 1db1e70b-dcf9-46be-a050-41b386eb516d/transcription_2 (2s): 'Explica el contenido del audio. Responde usando únicamente preguntas.'
[803/966] f1fc719b-aedc-4593-9bc4-e43450cfdf27/transcription_1 (266s): '¿Cuál quieres? Una persona que se mueve mucho para conseguir todo para que yo no'
[804/966] f1fc719b-aedc-4593-9bc4-e43450cfdf27/transcription_2 (2s): 'Comenta sobre el audio. Comienza tu respuesta con en resumen.'
[805/966] 7245515d-ddbc-4bf3-944c-be4b0b9dc646/transcription_1 (856s): '¡Suscríbete al canal! ¡Suscríbete al canal! ¡Suscríbete al canal! ¡Suscríbete al'
[806/966] 7245515d-ddbc-4bf3-944c-be4b0b9dc646/transcription_2 (3s): 'Analiza el audio. Tu respuesta debe incluir la frase dicho de otro modo.'
[807/966] 46b389b0-1a2f-4978-b69a-af0eb72bcd59/transcription_1 (1269s): '¿Qué se dice? Es lo que ha sonado ayer. Sí, pero, o sea, es que no me jodas. Que'
[808/966] 46b389b0-1a2f-4978-b69a-af0eb72bcd59/transcription_2 (3s): 'Interpreta lo que oyes. Incluye la palabra asimismo en tu respuesta.'
[809/966] e4bc4f3b-b446-44df-8149-cf2945137458/transcription_1 (924s): 'Muy buenas a todos y bienvenidos un día más en la vida de Sofía Agnone Hoy es ma'
[810/966] e4bc4f3b-b446-44df-8149-cf2945137458/transcription_2 (3s): 'Describe el audio. Tu respuesta debe tener entre tres y cinco oraciones.'
[811/966] 55d33cc0-cd7b-4985-87c8-8d3decf03b7e/transcription_1 (192s): 'Comía poco y cada comida era muy larga, muy cansada. Después vienen los peligros'
[812/966] 55d33cc0-cd7b-4985-87c8-8d3decf03b7e/transcription_2 (2s): '¿Qué ocurre en el audio? Incluye la palabra de hecho en tu respuesta.'
[813/966] 530e5a83-f085-4f7c-b6a2-c7e06b959a16/transcription_1 (456s): '12 y 23 minutos de la mañana. Está sentado aquí hoy con nosotros Juan Ramón Amor'
[814/966] 530e5a83-f085-4f7c-b6a2-c7e06b959a16/transcription_2 (2s): 'Resume lo que escuchas. La palabra audio debe aparecer exactamente tres veces en'
[815/966] ef004c23-6126-4290-8a86-0b604c0a2d1f/transcription_1 (9s): '¿Tú qué tal en el amor? El amor fatal. ¿Fatal en qué sentido? A ver. Mira, porqu'
[816/966] ef004c23-6126-4290-8a86-0b604c0a2d1f/transcription_2 (2s): 'Explica el contenido del audio. Comienza tu respuesta con en este audio.'
[817/966] 4a14d5b9-988a-4dc0-85ff-6abf0abd0123/transcription_1 (463s): '12 y 23 minutos de la mañana. Está sentado aquí hoy con nosotros Juan Ramón Amor'
[818/966] 4a14d5b9-988a-4dc0-85ff-6abf0abd0123/transcription_2 (2s): 'Comenta sobre el audio, no uses la palabra bien en tu respuesta.'
[819/966] 4a87c8fc-d1e7-420e-8fb4-913bb09a775a/transcription_1 (1382s): 'Bienvenidos de nuevo. Ya estamos en el Ecuador del Congreso, en la tercera sesió'
[820/966] 4a87c8fc-d1e7-420e-8fb4-913bb09a775a/transcription_2 (3s): 'Analiza el audio. Comienza tu respuesta con analizando el audio.'
[821/966] 365286d4-6f53-4ab9-b827-33f00faf829b/transcription_1 (9s): 'Soy un profesional de Pokémon. ¡Tangela! ¿Y yo cómo lo sé? Además desenroscó la '
[822/966] 365286d4-6f53-4ab9-b827-33f00faf829b/transcription_2 (2s): 'Interpreta lo que oyes, incluye la palabra claramente en tu respuesta'
[823/966] d525a1d1-74b8-4066-b617-d06784792117/transcription_1 (12s): '¿Tú has venido solo? Sí. ¿De dónde? Dorense. ¿Hasta Salamanca? Corrente. ¿Has co'
[824/966] d525a1d1-74b8-4066-b617-d06784792117/transcription_2 (2s): 'Describe el audio. Termina tu respuesta con Hasta aquí mi respuesta.'
[825/966] da9bc176-cbd7-4629-ac40-f3b233c0196d/transcription_1 (1442s): 'Hey, hey, ¿qué tal estáis, amigas? No os esperabais verme por aquí, ¿verdad? O s'
[826/966] da9bc176-cbd7-4629-ac40-f3b233c0196d/transcription_2 (3s): '¿Qué ocurre en el audio? Incluye la palabra en definitiva en tu respuesta.'
[827/966] 1ba6ec5d-9b77-44e8-92dd-2a3559a24634/transcription_1 (15s): 'Ay, Dios mío. Ay, me ha parecido ver a mi padre. No. ¿Pero cuál? O sea, ¿qué me '
[828/966] 1ba6ec5d-9b77-44e8-92dd-2a3559a24634/transcription_2 (2s): 'Resume lo que escuchas. Tu respuesta no debe superar las cuatro oraciones.'
[829/966] 0febcdee-19bf-44c4-a4cf-b2546b8186c7/transcription_1 (8s): 'Patika, ¿con quién tendrías tú media horita sin cámaras? Con Zaira. ¿Qué te pasa'
[830/966] 0febcdee-19bf-44c4-a4cf-b2546b8186c7/transcription_2 (2s): 'Explica el contenido del audio. No uses la palabra cosa en tu respuesta.'
[831/966] c4b7eb58-256f-4d6a-970e-1d3e9c67bcce/transcription_1 (116s): 'Hola, buenos días José Luis. Hola, ¿qué tal? Bien, ¿qué tal tú el viaje en ambul'
[832/966] c4b7eb58-256f-4d6a-970e-1d3e9c67bcce/transcription_2 (2s): 'Comenta sobre el audio, no uses la expresión, simplemente en tu respuesta.'
[833/966] df697911-e01e-439e-b9b3-dcbbd2d31d0b/transcription_1 (12s): 'Tú has dicho que has gastado dos millones en un año y medio. Sí. No me lo creo. '
[834/966] df697911-e01e-439e-b9b3-dcbbd2d31d0b/transcription_2 (3s): 'Analiza el audio. No uses signos de exclamación en tu respuesta.'
[835/966] fb9b1bc9-114f-4d47-a013-d452adf30649/transcription_1 (7s): 'Mira, dos euros por esto, no te los gastes, seguro que no te explican cómo se ha'
[836/966] fb9b1bc9-114f-4d47-a013-d452adf30649/transcription_2 (3s): 'Interpreta lo que oyes. Incluye una postdata al final de tu respuesta marcada co'
[837/966] be17675a-e9d4-4d42-8c5b-3f1d4b74ea69/transcription_1 (8s): 'No te saltes este vídeo. La mejor e-bike homologada por menos de 200 euros, equi'
[838/966] be17675a-e9d4-4d42-8c5b-3f1d4b74ea69/transcription_2 (2s): 'Describe el audio. Tu respuesta debe incluir al menos un ejemplo concreto introd'
[839/966] a5e61fcc-27ad-4d8e-b994-979fe73b02fd/transcription_1 (4s): 'Antiguamente, el proceso de chapado en oro se realizaba así. Este marco está rec'
[840/966] a5e61fcc-27ad-4d8e-b994-979fe73b02fd/transcription_2 (3s): '¿Qué ocurre en el audio? Tu respuesta debe contener al menos tres palabras compl'
[841/966] 8b13ecd5-5c8e-42a6-8ccc-feb76f050c6a/transcription_1 (262s): '¿Cuál quieres? Una persona que se mueve mucho para conseguir todo para que yo no'
[842/966] 8b13ecd5-5c8e-42a6-8ccc-feb76f050c6a/transcription_2 (2s): 'Resume lo que escuchas. No uses la palabra creo en tu respuesta.'
[843/966] 56b1677d-90e1-435f-9882-21474c5d2336/transcription_1 (275s): '¡Hola! ¿Cómo estamos? Hola guapos y guapas. Hoy voy a entrevistar para hacerle u'
[844/966] 56b1677d-90e1-435f-9882-21474c5d2336/transcription_2 (2s): 'Explica el contenido del audio. Termina tu respuesta con fin del análisis.'
[845/966] 774d5245-e75e-436a-96e4-e2b6b47fcae0/transcription_1 (236s): 'Música Música Música Música Música Música Música Música Música Música Música Mús'
[846/966] 774d5245-e75e-436a-96e4-e2b6b47fcae0/transcription_2 (3s): 'Comenta sobre el audio. Responde en un máximo de 75 palabras.'
[847/966] fa6283cd-a72e-48c7-ad2b-dc4d9ef76fe4/transcription_1 (6s): '¿Sí? ¡Seguridad, por favor! ¡Seguridad! ¡Hala! ¡Toma! ¡El calvo! ¡Pedón! ¡Gracia'
[848/966] fa6283cd-a72e-48c7-ad2b-dc4d9ef76fe4/transcription_2 (2s): 'Analiza el audio. Tu respuesta debe incluir la frase en primer lugar.'
[849/966] 7f039d87-8903-4eb4-a89e-25ddd0cae463/transcription_1 (13s): 'Hola, ¿lo del dentista este lo van a poner aquí o no? ¿Qué? ¿Qué digo? ¿Españole'
[850/966] 7f039d87-8903-4eb4-a89e-25ddd0cae463/transcription_2 (3s): 'Interpreta lo que oyes. Incluye la palabra además en tu respuesta.'
[851/966] fc1e7ac0-d763-4f6f-a67c-0defb2f9b18f/transcription_1 (127s): 'Yo sufrí un accidente de vascular encefálico el 21 de agosto y tuve como secuela'
[852/966] fc1e7ac0-d763-4f6f-a67c-0defb2f9b18f/transcription_2 (2s): 'Describe el audio. Tu respuesta debe incluir la frase a modo de resumen.'
[853/966] c08abe48-d273-4f05-bf30-7bb1fcfc5373/transcription_1 (76s): 'A mí me diagnosticaron en el año 2009, llevaba ya un año y un ciento más siendo '
[854/966] c08abe48-d273-4f05-bf30-7bb1fcfc5373/transcription_2 (2s): '¿Qué ocurre en el audio? Tu respuesta debe incluir la frase en otras palabras.'
[855/966] 26bb456f-7b56-432e-99bb-de7d9d24b144/transcription_1 (448s): '12 y 23 minutos de la mañana. Está sentado aquí hoy con nosotros Juan Ramón Amor'
[856/966] 26bb456f-7b56-432e-99bb-de7d9d24b144/transcription_2 (2s): 'Resume lo que escuchas. Tu respuesta debe tener entre 10 y 30 palabras.'
[857/966] e1e1170e-4d4b-4eab-a8d3-23b7c4abc437/transcription_1 (129s): 'Yo sufrí un accidente de vascular encefálico el 21 de agosto y tuve como secuela'
[858/966] e1e1170e-4d4b-4eab-a8d3-23b7c4abc437/transcription_2 (2s): 'Explica el contenido del audio. Presenta tu respuesta como una lista numerada de'
[859/966] c12055aa-f17c-410c-97c4-4bcfc108ee43/transcription_1 (3s): '¡Hala! ¡Un ordenador! ¡Para clase va a venir ¡Wow! No sé quién está ahora mismo '
[860/966] c12055aa-f17c-410c-97c4-4bcfc108ee43/transcription_2 (2s): 'Comenta sobre el audio. No utilices comas en tu respuesta.'
[861/966] cb7cae9e-69c9-4360-aab8-f76cdd3e6e4c/transcription_1 (2s): 'IRL, la miseria de boxear con tu sombra No tengo'
[862/966] cb7cae9e-69c9-4360-aab8-f76cdd3e6e4c/transcription_2 (2s): 'Analiza el audio. No uses la expresión normalmente en tu respuesta.'
[863/966] c3aef3e7-91f3-4eb6-b1ec-b408ccf85e89/transcription_1 (3s): 'Hola, ¿qué tal? Bien, aquí. ¿Cómo estás? Bien. Te he preguntado. Oye, oye, una c'
[864/966] c3aef3e7-91f3-4eb6-b1ec-b408ccf85e89/transcription_2 (2s): 'Interpreta lo que oyes. Tu respuesta no debe superar las tres oraciones.'
[865/966] 68e075ee-39aa-4a96-b1d4-426b7e546eb0/transcription_1 (5s): 'Tío, me da vergüenza aceptar lo mucho que estoy utilizando ChatGPT últimamente y'
[866/966] 68e075ee-39aa-4a96-b1d4-426b7e546eb0/transcription_2 (2s): 'Describe el audio. Incluye la palabra igualmente en tu respuesta.'
[867/966] 8cdf1f52-bebf-4dd2-ace2-ce6713f6c14a/transcription_1 (7s): 'Ah, yo sé la clave. ¡Invente, Román, invente! ¿Qué me dices, Tommy? Y me lo pone'
[868/966] 8cdf1f52-bebf-4dd2-ace2-ce6713f6c14a/transcription_2 (2s): '¿Qué ocurre en el audio? Proporciona dos respuestas diferentes separadas por agr'
[869/966] bde00d96-1c5e-4ac3-bd35-3fd0ae39450e/transcription_1 (13s): 'Yo, chat, iba a la peluquería, tío, y tenía que ir con doble boxer porque veía l'
[870/966] bde00d96-1c5e-4ac3-bd35-3fd0ae39450e/transcription_2 (3s): 'Resume lo que escuchas. No uses la palabra bueno en tu respuesta.'
[871/966] 026c679b-98b1-4322-a968-311c985c953d/transcription_1 (7s): 'No se ve ni mi sal de este aporte Ya mi hermano está en la barroquia Vamos a hac'
[872/966] 026c679b-98b1-4322-a968-311c985c953d/transcription_2 (2s): 'Explica el contenido del audio. Tu respuesta debe contener exactamente tres orac'
[873/966] 55af6635-b96b-4819-849f-a3d59cbfe579/transcription_1 (74s): '¿Qué precio tienen las empanadas? Dos mil, mi amor. ¿Me da por favor doscientas '
[874/966] 55af6635-b96b-4819-849f-a3d59cbfe579/transcription_2 (3s): 'Comenta sobre el audio. No uses la palabra pero en tu respuesta.'
[875/966] af8cda4f-e2c9-4da5-994b-e65a0ca3d0c9/transcription_1 (748s): 'Good morning in the morning Entiendo que tu ya has saludado, ¿no? No, todavía no'
[876/966] af8cda4f-e2c9-4da5-994b-e65a0ca3d0c9/transcription_2 (3s): 'Analiza el audio. Tu respuesta debe tener entre 20 y 50 palabras.'
[877/966] f59d5186-098c-4578-9bc5-f819767d03bb/transcription_1 (76s): '24 horas después de tatuarme la rodilla, este es el estado de hinchazón de la ro'
[878/966] f59d5186-098c-4578-9bc5-f819767d03bb/transcription_2 (2s): 'Interpreta lo que oyes. Tu respuesta debe incluir la frase Cabe destacar.'
[879/966] cf8857a4-7834-4fe5-b97e-eade00d35be2/transcription_1 (39s): '¿Promociona algo de TVE? Sí, ¿qué quieres que promocione? ¿Qué ves, qué te gusta'
[880/966] cf8857a4-7834-4fe5-b97e-eade00d35be2/transcription_2 (2s): 'Describe el audio. No uses la expresión obviamente en tu respuesta.'
[881/966] 0deca9a9-2dd8-45e0-85f1-6391e48db388/transcription_1 (69s): 'Una de las patologías que trabajamos en el área de logopedia es la disartria y e'
[882/966] 0deca9a9-2dd8-45e0-85f1-6391e48db388/transcription_2 (2s): '¿Qué ocurre en el audio? Presenta tu respuesta como una lista con exactamente tr'
[883/966] 8349aa0b-01f4-4e5d-8a53-3e4c1de3d251/transcription_1 (7s): 'Ah, yo sé la clave. ¡Invente, Román, invente! ¿Qué me dices, Tommy? Y me lo pone'
[884/966] 8349aa0b-01f4-4e5d-8a53-3e4c1de3d251/transcription_2 (2s): 'Resume lo que escuchas. Incluye la palabra sin embargo en tu respuesta.'
[885/966] 3de27908-ab7d-4996-88eb-6bc3ccfdb8c8/transcription_1 (8s): 'Ustedes lo llaman banderillas, nosotras lo llamamos instrumento de tortura, prov'
[886/966] 3de27908-ab7d-4996-88eb-6bc3ccfdb8c8/transcription_2 (2s): 'Explica el contenido del audio. No uses signos de interrogación en tu respuesta.'
[887/966] 3d96e0d8-886c-431b-bf5b-835b833b1613/transcription_1 (14s): 'Es como una mujer, dime mi amor, mira quien vino chat, tu sabes que ella siempre'
[888/966] 3d96e0d8-886c-431b-bf5b-835b833b1613/transcription_2 (2s): 'Comenta sobre el audio. Incluye la palabra por lo tanto en tu respuesta.'
[889/966] 32a3bde3-a0b3-45f8-a2d1-f0f978763a13/transcription_1 (10s): 'Coge la laca, coge la laca un segundo, porfa. Daniela, la laca. La laca. Y el pe'
[890/966] 32a3bde3-a0b3-45f8-a2d1-f0f978763a13/transcription_2 (3s): 'Analiza el audio. Tu respuesta debe tener al menos tres oraciones.'
[891/966] 84fefc97-10dd-4936-a031-c61f5dea4ae0/transcription_1 (6s): 'Batalla de canciones ¿Quién tiene mejor gusto musical? Esta era una broma No ent'
[892/966] 84fefc97-10dd-4936-a031-c61f5dea4ae0/transcription_2 (2s): 'Interpreta lo que oyes. Tu respuesta no debe superar las dos oraciones.'
[893/966] 465f2f60-d354-4a62-9c9c-fc2fd150582d/transcription_1 (13s): 'Yo, chat, iba a la peluquería, tío, y tenía que ir con doble boxer porque veía l'
[894/966] 465f2f60-d354-4a62-9c9c-fc2fd150582d/transcription_2 (3s): 'Describe el audio. Presenta tu respuesta como una lista con viñetas.'
[895/966] 907de8bc-047d-48f3-ba38-073b58094876/transcription_1 (8s): 'Patika, ¿con quién tendrías tú media horita sin cámaras? Con Zaira. ¿Qué te pasa'
[896/966] 907de8bc-047d-48f3-ba38-073b58094876/transcription_2 (2s): '¿Qué ocurre en el audio? Comienza tu respuesta con desde mi punto de vista.'
[897/966] 848722b3-ebbc-4c79-be17-8643dc2e658a/transcription_1 (279s): '¡Hola! ¿Cómo estamos? Hola guapos y guapas. Hoy voy a entrevistar para hacerle u'
[898/966] 848722b3-ebbc-4c79-be17-8643dc2e658a/transcription_2 (2s): 'Resume lo que escuchas. Tu respuesta debe tener entre 30 y 60 palabras.'
[899/966] 167238d3-f528-4d43-9c60-9d2bf704f26d/transcription_1 (14s): 'Gracias mamá, se lo dedico a mi madre porque, bueno, mi madre emprendió un sueño'
[900/966] 167238d3-f528-4d43-9c60-9d2bf704f26d/transcription_2 (2s): 'Explica el contenido del audio. Comienza tu respuesta con Tras escuchar.'
[901/966] 4d7d895c-91b1-4a69-bc28-7cdc79f5bdf1/transcription_1 (11s): 'Señor, una consulta. ¿Usted alguna vez besó a un hombre? No. ¿Quiere que sea el '
[902/966] 4d7d895c-91b1-4a69-bc28-7cdc79f5bdf1/transcription_2 (3s): 'Comenta sobre el audio. Tu respuesta debe incluir la frase en segundo lugar.'
[903/966] fe16acbc-7037-4629-b7aa-0a08a0ee8d34/transcription_1 (20s): 'Hay una cosa que yo nunca he entendido. ¿Vale? La gente que está aquí detrás de '
[904/966] fe16acbc-7037-4629-b7aa-0a08a0ee8d34/transcription_2 (2s): 'Analiza el audio. Termina tu respuesta con nada más que añadir.'
[905/966] d6f593bf-7902-4b15-93f9-a972d559cf74/transcription_1 (214s): 'Son 5.42 Cuando les grabo mi skincare Siempre me dicen que les diga cuáles produ'
[906/966] d6f593bf-7902-4b15-93f9-a972d559cf74/transcription_2 (2s): 'interpreta lo que oyes tu respuesta debe tener entre dos y cuatro oraciones'
[907/966] 27718fbb-3189-4d7d-b251-7197133f0d71/transcription_1 (73s): 'A mí me diagnosticaron en el año 2009, llevaba ya un año y un ciento más siendo '
[908/966] 27718fbb-3189-4d7d-b251-7197133f0d71/transcription_2 (2s): 'Describe el audio. Tu respuesta debe contener exactamente una oraciones.'
[909/966] 6adde426-22f2-4fce-ab98-99624212b542/transcription_1 (34s): 'Que luego tengo clase de canto. ¿Sigues dando clases de canto? Después del progr'
[910/966] 6adde426-22f2-4fce-ab98-99624212b542/transcription_2 (3s): '¿Qué ocurre en el audio? La palabra audio debe aparecer exactamente dos veces en'
[911/966] 5aa031d7-e270-41ad-93f9-211b89702981/transcription_1 (1435s): 'Hey, hey, ¿qué tal estáis, amigas? No os esperabais verme por aquí, ¿verdad? O s'
[912/966] 5aa031d7-e270-41ad-93f9-211b89702981/transcription_2 (3s): 'Resume lo que escuchas. No uses la expresión básicamente en tu respuesta.'
[913/966] 3c3374ce-97e9-4014-8d17-5680fca4165a/transcription_1 (21s): 'Mira, de verdad, yo no puedo más con las mentiras. Cosas que no te cuentan del c'
[914/966] 3c3374ce-97e9-4014-8d17-5680fca4165a/transcription_2 (2s): 'Explica el contenido del audio. Escribe toda tu respuesta en minúscula.'
[915/966] 97507676-da89-4665-8374-da30436e0d67/transcription_1 (10s): 'Creo que todos tenemos días de que no queremos hacer nada y estos dos días atrás'
[916/966] 97507676-da89-4665-8374-da30436e0d67/transcription_2 (3s): 'Comenta sobre el audio, no uses la palabra bastante en tu respuesta.'
[917/966] 4d84d2a7-5713-40c6-8c5b-2b4c09d3f96f/transcription_1 (181s): 'Hola amigos, bienvenidos a nuestro canal Andando con Brian. Y hoy pues nuestro d'
[918/966] 4d84d2a7-5713-40c6-8c5b-2b4c09d3f96f/transcription_2 (2s): 'Analice el audio. Termina tu respuesta con Esto concluye mi análisis.'
[919/966] cf67b0e0-fba8-475b-89be-948adae955d2/transcription_1 (10s): '¿A qué quiere hacer? A lo 8 Tengo 3 dedos Tienes que me sorprender ¿Tres dedos t'
[920/966] cf67b0e0-fba8-475b-89be-948adae955d2/transcription_2 (2s): 'Interpreta lo que oyes. Incluye la palabra en conclusión en tu respuesta.'
[921/966] 89769d01-0730-4d1d-9c9d-f19cbb7443cb/transcription_1 (116s): 'Hola, buenos días José Luis. Hola, ¿qué tal? Bien, ¿qué tal tú el viaje en ambul'
[922/966] 89769d01-0730-4d1d-9c9d-f19cbb7443cb/transcription_2 (2s): 'Describe el audio. Tu respuesta debe estar organizada en exactamente dos párrafo'
[923/966] dc658de6-6495-4b16-8706-3f3c6f9f3a90/transcription_1 (295s): 'Hola Paco, ¿cómo estás? Bien. ¿Preparado para el reto? Bien, vale. Venga, empeza'
[924/966] dc658de6-6495-4b16-8706-3f3c6f9f3a90/transcription_2 (3s): '¿Qué ocurre en el audio? Termina tu respuesta con Eso es todo.'
[925/966] 295ed3ec-c1dd-4a16-8db0-76bd29f03a0c/transcription_1 (68s): 'Una de las patologías que trabajamos en el área de logopedia es la disartria y e'
[926/966] 295ed3ec-c1dd-4a16-8db0-76bd29f03a0c/transcription_2 (2s): 'Resume lo que escuchas. Comienza tu respuesta con según lo escuchado.'
[927/966] 76dc3d63-906f-4141-958f-fff336a6cdde/transcription_1 (10s): 'Saúl, ¿quieres puntuar la tortilla española en Argentina? Quiero probarla, sí. E'
[928/966] 76dc3d63-906f-4141-958f-fff336a6cdde/transcription_2 (2s): 'Explica el contenido del audio. Presenta tu respuesta como una lista numerada.'
[929/966] dd21871e-5b83-42ed-ab4a-800963569cf6/transcription_1 (22s): 'Yo soy filósofo. Como tal, he interiorizado esta definición socrática de la filo'
[930/966] dd21871e-5b83-42ed-ab4a-800963569cf6/transcription_2 (2s): 'Comenta sobre el audio, incluye la palabra no obstante en tu respuesta'
[931/966] 0732015b-14d8-4b5e-b1ee-cf5a1fc1f5be/transcription_1 (20s): 'Hoy me gusta la vida mucho menos, pero siempre me gusta vivir, ya lo decía, casi'
[932/966] 0732015b-14d8-4b5e-b1ee-cf5a1fc1f5be/transcription_2 (2s): 'Analiza el audio. Incluye la palabra evidentemente en tu respuesta.'
[933/966] db042b08-4970-4100-8ee2-fc1f1e0db1b5/transcription_1 (7s): '¿Tenés alguna pregunta? ¿Padre rico, padre pobre? ¿Sabés dónde está? Sí Ah, ahí '
[934/966] db042b08-4970-4100-8ee2-fc1f1e0db1b5/transcription_2 (2s): 'Interpreta lo que oyes. Termina tu respuesta con fin.'
[935/966] e8b28654-06c6-497f-a99f-f6f1d53a1436/transcription_1 (180s): 'Mi nombre es David Riaña Rivas, soy investigador científico a tono del Consejo S'
[936/966] e8b28654-06c6-497f-a99f-f6f1d53a1436/transcription_2 (2s): 'Describe el audio. Tu respuesta debe contener al menos dos palabras completament'
[937/966] 26082736-31cb-459f-81ff-a95c8d35dff5/transcription_1 (19s): 'Pero tú te ves muy joven, ¿eh? Qué locura también, ¿eh? Sí me veo jovencita, per'
[938/966] 26082736-31cb-459f-81ff-a95c8d35dff5/transcription_2 (2s): '¿Qué ocurre en el audio? Tu respuesta debe tener al menos dos oraciones.'
[939/966] 535b871d-e666-481b-b59b-594e9985eefb/transcription_1 (12s): 'Si hubiese venido Trump a llevarse a Franco, ¿estaríais de acuerdo? Tendrá que v'
[940/966] 535b871d-e666-481b-b59b-594e9985eefb/transcription_2 (2s): 'Resume lo que escuchas. No uses la palabra realmente en tu respuesta.'
[941/966] 7a2a25d8-4ad6-4262-b761-a4bcb375af2e/transcription_1 (3s): '¿Esto es la de la salsa pica? Sí, sí, es ella. ¿La salsa pica? Claro, bebé, clar'
[942/966] 7a2a25d8-4ad6-4262-b761-a4bcb375af2e/transcription_2 (2s): 'Explica el contenido del audio, puto. Envuelve toda tu respuesta entre comillas.'
[943/966] 4c7a65a1-bf9a-4159-9a10-03448b5ffbeb/transcription_1 (69s): 'Tienes ELA, la esperanza de vida es de 3 a 5 años, vas a ir perdiendo la movilid'
[944/966] 4c7a65a1-bf9a-4159-9a10-03448b5ffbeb/transcription_2 (2s): 'Comenta sobre el audio. Responde en un máximo de 50 palabras.'
[945/966] 3ea5f9d3-c451-4ff8-8ac8-e65489232259/transcription_1 (1378s): 'Bienvenidos de nuevo. Ya estamos en el Ecuador del Congreso, en la tercera sesió'
[946/966] 3ea5f9d3-c451-4ff8-8ac8-e65489232259/transcription_2 (3s): 'Analiza el audio. Presenta tu respuesta como una lista con exactamente cuatro vi'
[947/966] b75379cd-194f-4e09-b074-d8b871769e6f/transcription_1 (69s): 'Una de las patologías que trabajamos en el área de logopedia es la disartria y e'
[948/966] b75379cd-194f-4e09-b074-d8b871769e6f/transcription_2 (2s): 'Interpreta lo que oyes. Termina tu respuesta con gracias por escuchar.'
[949/966] 37101f77-993c-4e57-8328-dfa985cb4379/transcription_1 (6s): 'Uno de mis filósofos favoritos es Spinoza. O sea, es un filósofo profundamente a'
[950/966] 37101f77-993c-4e57-8328-dfa985cb4379/transcription_2 (2s): 'Describe el audio. Tu respuesta debe tener al menos 30 palabras.'
[951/966] 0fb8974f-d605-47a9-87ea-6d085de16ab2/transcription_1 (7s): 'El turrón, hoy hemos conocido que sube un 16%, lo que me lleva a recordarte lo d'
[952/966] 0fb8974f-d605-47a9-87ea-6d085de16ab2/transcription_2 (2s): '¿Qué ocurre en el audio? Tu respuesta debe tener entre 50 y 100 palabras.'
[953/966] 048f7128-9ba5-4cb4-bf72-ae9ec7ef9868/transcription_1 (12s): '¿Tú vives acá en Perú? No. Ya sabía. ¿Dónde vives? No sé si eres de Perú. Pero..'
[954/966] 048f7128-9ba5-4cb4-bf72-ae9ec7ef9868/transcription_2 (3s): 'Resume lo que escuchas. Incluye la palabra finalmente en tu respuesta.'
[955/966] f8f289e9-c802-4c6f-9431-a2d11b7b7c9d/transcription_1 (613s): 'Bienvenidos a mi canal de youtube en el día de hoy les vamos a mostrar cómo es u'
[956/966] f8f289e9-c802-4c6f-9431-a2d11b7b7c9d/transcription_2 (2s): 'Explica el contenido del audio Incluye la palabra efectivamente en tu respuesta'
[957/966] d20e98ce-fe30-42fa-b03e-b8effaa02b54/transcription_1 (54s): 'Bueno, este ratito de muerdo español, es un susto El ratito, el ratito, ese es q'
[958/966] d20e98ce-fe30-42fa-b03e-b8effaa02b54/transcription_2 (2s): 'Comenta sobre el audio. Incluye la palabra ciertamente en tu respuesta.'
[959/966] 5f6fae5b-8e4b-4843-b6f4-678929ee40b5/transcription_1 (1056s): '¿Qué tía? O sea, no me puedo creer que ella esté aquí. Estoy en shock. Es que no'
[960/966] 5f6fae5b-8e4b-4843-b6f4-678929ee40b5/transcription_2 (3s): 'Analiza el audio. Escribe toda tu respuesta en mayúsculas.'
[961/966] 64c3292b-7f40-4a3d-a7d2-6cd47ea920f8/transcription_1 (6s): 'Uno de mis filósofos favoritos es Spinoza. O sea, es un filósofo profundamente a'
[962/966] 64c3292b-7f40-4a3d-a7d2-6cd47ea920f8/transcription_2 (3s): 'interpreta lo que oyes punto tu respuesta debe contener exactamente cuatro oraci'
[963/966] a0511286-9ea9-44a5-a124-a7657967505f/transcription_1 (9s): 'Vamos a ver rápidamente para Gijek de qué va el psicoanálisis. Entonces para Gij'
[964/966] a0511286-9ea9-44a5-a124-a7657967505f/transcription_2 (2s): 'Describe el audio. Tu respuesta debe tener al menos 50 palabras.'
[965/966] 85a20183-770c-46b4-aae6-3175c6209055/transcription_1 (458s): '12 y 23 minutos de la mañana. Está sentado aquí hoy con nosotros Juan Ramón Amor'
[966/966] 85a20183-770c-46b4-aae6-3175c6209055/transcription_2 (3s): '¿Qué ocurre en el audio? Comienza tu respuesta con lo que se escucha.'
Dataset actualizado: /Users/ana/Downloads/human_eval_package/Codigo/ESCUCHA1.json
Cargando LLM: /Users/ana/Downloads/human_eval_package/Codigo/models/salamandra-2b-instruct-mlx-4bit
Responder: 1000 items | ya hechos: 0 | pendientes: 1000
[1/1000] 2bea5f95-fede-4d08-9c25-df2f67b607c7 -> '2. Segundo'
[2/1000] fb0c9418-44dd-4d64-a846-54b06b17422e -> 'La hablante deletrea una palabra.'
[3/1000] b2c29de3-637c-469c-98b7-27ed342b1602 -> '1. Ciudad de México'
[4/1000] fc5ac7a8-1193-4e18-806f-bab0210cea9a -> '2. Sí'
Token indices sequence length is longer than the specified maximum sequence length for this model (20777 > 8192). Running this sequence through the model will result in indexing errors
[88/1000] 54498aea-c4c6-48cc-b959-7d6464b24e24: transcripcion truncada (excede contexto)
[89/1000] 4fd8b12d-917e-4f6e-9515-fddc50acfaab: transcripcion truncada (excede contexto)
[90/1000] c1ce983e-78c1-4a11-951e-dc753eb38b72: transcripcion truncada (excede contexto)
[91/1000] cc2ea877-4a9d-4faf-acca-25fb7cf44bb9: transcripcion truncada (excede contexto)
[92/1000] 32e1d7c0-dadf-4fe9-a974-2a4fe5276fd2: transcripcion truncada (excede contexto)
[93/1000] 2cbfde75-ee05-49cb-ba20-b9a386cb3347: transcripcion truncada (excede contexto)
[94/1000] 19fd2229-c8c7-4da1-999d-069216379886: transcripcion truncada (excede contexto)
[95/1000] cd4cd0fa-97cd-4768-b4a7-5d77d4cf04aa: transcripcion truncada (excede contexto)
[96/1000] 0d4cbba3-a987-4a40-876c-e06b88864be1: transcripcion truncada (excede contexto)
[97/1000] 56d98629-e78a-439b-928d-358aa1ac9b23: transcripcion truncada (excede contexto)
[98/1000] eaddc5f4-16fb-45d6-9f3c-c7cdef4e64eb: transcripcion truncada (excede contexto)
[99/1000] 025bff20-22b7-45f3-83c0-842777175445: transcripcion truncada (excede contexto)
[100/1000] b3026629-1401-47ab-876f-f12dd948efaf: transcripcion truncada (excede contexto)
[101/1000] 06382d14-2498-463b-8c5c-48ed3c003906: transcripcion truncada (excede contexto)
[102/1000] 30d9372a-9a7d-45cc-acf5-2861e453ff19: transcripcion truncada (excede contexto)
[5/1000] 4a28b95c-d646-4432-8589-4b7b97dd3d30 -> '1. Portugal'
[6/1000] 31eb3b84-bd3e-445e-8838-3456a1b950e1 -> '1. Uno'
[7/1000] 2a46126a-781b-4ef9-9419-fa41952f68b3 -> '1. Tres'
[8/1000] f04af86d-76ac-4e63-b00d-9c408f60d744 -> '3. Žižek y Lacan'
[9/1000] 848ad245-07fb-4c06-bd84-67011719129e -> 'La respuesta es: 2. Triste'
[10/1000] 212b3b65-7f1a-44cb-9505-9e4456c2a710 -> '1. Que si las gorras son su negocio.'
[11/1000] 866bb2a9-53ea-4015-98f0-dac4512fbf71 -> '2. Tres'
[12/1000] fd41b508-27ec-402e-88e0-b9cdefa5f4e1 -> '3. Cuelga el teléfono'
[13/1000] c45af6bf-873c-413c-b784-51773b3b76cd -> '2025-08-21 0:00:00'
[14/1000] 7a7836c7-9409-481a-b68c-8c7ef5d8d7f1 -> '2. De la evolución de la paciente después de sufrir un ACV'
[15/1000] 6da24edf-e520-4c7b-9afe-06d75082fb95 -> 'La respuesta es la opción 2. El marido de Sandra sufrió la paresia bilateral der'
[16/1000] d2b8d82f-e5a1-4101-ac59-a0305d18b568 -> '2. 3'
[17/1000] 646c1ae0-ce7b-49d9-986b-1d617ff25fde -> '2. España'
[18/1000] eadb5c86-645f-4684-a2c6-2daed825c740 -> 'La respuesta es la opcion 2. 39 años'
[19/1000] b998050d-1026-4089-a5ef-f6784e7c1ede -> 'La respuesta es la opción 2. La persona que habla en el audio se refiere a una "'
[20/1000] 6c0bcdd5-181f-4cb1-bdff-0d62b3defc89 -> '4. Equipo médico de rehabilitación'
[21/1000] 87cd9f10-70a8-49dc-80b2-62616f7d37d0 -> '2. Ladridos de perros'
[22/1000] 5e026e02-e8f5-4c3e-8356-ddefe90fdde2 -> '2. Coches pasando'
[23/1000] b6e15b29-5d41-40a1-8d26-1be3b1f979e8 -> '2. En todas las intervenciones'
[24/1000] 0135156b-f2e0-4110-96d8-0b3e7df019b2 -> '2. Tres'
[25/1000] c1039ea3-4c14-4365-a489-3654484568e6 -> 'La respuesta es: 1. Un hombre, Luis'
[26/1000] 27510753-c7bf-4e79-9694-3b673963776c -> 'La respuesta correcta es la opción 2. Un infarto.'
[27/1000] 498126eb-aa7d-49c4-a40f-8a0c10bcef1e -> 'La respuesta es la opción 1. Frases exclamativas.'
[28/1000] 6f52aa1c-e91a-44f5-a0e4-71508d701228 -> 'La respuesta es la opción 2.'
[29/1000] 7ebabd72-7702-4bf3-aae2-3ac28dc3a9aa -> '2. De un socio externo'
[30/1000] 3dea3d33-2e1f-415e-8447-1f11a0619246 -> '2. Con su cuñada'
[31/1000] b0f833f4-e303-4e07-a777-d7b32307b823 -> '1. No, porque su tono de voz es más grave y la velocidad de su habla es más lent'
[32/1000] bf407052-8b81-4e52-9712-42e442fbdec6 -> '2. No va al logopeda porque habla perfectamente.'
[33/1000] 83d6ca33-dfca-4e8f-a049-bdafacb9c5d6 -> '2. Su cuñada'
[34/1000] 1358cbf8-2077-4d37-90ee-42973a5703f6 -> '2. Se interrumpen constantemente'
[35/1000] 1059582a-427e-4021-a2b9-5b560d12f7db -> '2. Sí, ruido de tráfico y coches'
[36/1000] 3f87bc4d-85f2-4f12-8521-328e663aa1d9 -> 'La respuesta es la opcion 4. Tiene Alzheimer.'
[37/1000] 35a68f48-d3b7-4255-896d-a227eeee4e09 -> '2. Solo interviene un interlocutor'
[38/1000] 4336dc8f-f023-4b97-8e1a-c4029a5bcc47 -> '2. 11'
[39/1000] 9c90aae7-2526-40ee-9b5f-0347ea5ac2d9 -> 'La respuesta es la opción 2. Ambos presentan dificultades.'
[40/1000] cc395be0-6a3c-449d-9892-a33e7220c277 -> '2. Sí, el género del paciente es femenino.'
[41/1000] 229a3447-afcc-41c2-aa9a-5e378afe558b -> 'La respuesta es: 2. El paciente se llama Luis.'
[42/1000] 3e978473-a8e2-4cce-8904-a058fcf0f359 -> 'La respuesta correcta es la opción 2. Una sesión de lectura.'
[43/1000] c2a7e8f7-c05f-47fc-a21b-fcd5de192809 -> '2. Sí, se perciben voces de otros pacientes.'
[44/1000] 44026e98-716e-4ebb-92c4-93feb0594307 -> '2. Los turnos de palabra son respetados.'
[45/1000] 5587d7a5-e3a4-4e4e-8bb6-5f389b681108 -> '2. Los dos intervienen lo mismo.'
[46/1000] bc3539dc-c4ae-4417-9cc1-d218410ca9a7 -> 'La respuesta es la opcion 4. Con el uso de tecnología avanzada'
[47/1000] d6fc2d8d-fcbe-4cd5-ab87-2b66e99ae890 -> '3. Sí, se trata de un hombre de mediana edad.'
[48/1000] 763463a1-0e06-481d-87bc-b7af0a51adc5 -> 'La respuesta es la opcion 4. El paciente no sufre ninguna patología.'
[49/1000] fadd87e9-a69a-45d0-96f1-17f656d92ccc -> '2. El discurso es incomprensible y no sé de qué trata.'
[50/1000] 97e39c2a-62a3-48a9-818a-2c6ab1840612 -> '2. Intervienen tres interlocutores'
[51/1000] 645dd938-3744-48b5-9556-faad7896d280 -> 'La respuesta es: 4. El paciente se llama Juan.'
[52/1000] 26b852b8-a938-44dd-aea8-a910efe40853 -> '2. Se reconocen únicamente sonidos de ruido blanco sin contenido lingüístico.'
[53/1000] 0f706bdf-91f7-4775-9ef7-303b2200441f -> '2. Sí, se escuchan algunas voces de fondo.'
[54/1000] bbf0e1fa-0413-4743-b1b5-e0c35e7de045 -> '2. No, el paciente solo es capaz de hacer frases cortas y controladas, así como '
[55/1000] 4ff8bb10-4fef-41bc-b315-928e32dff7c6 -> 'La respuesta es la opcion 4. La jerarquía de los turnos de palabra no es homogén'
[56/1000] 051ae229-1052-42cb-8a37-b6e757f7c0f9 -> '2. Sí, es una mujer.'
[57/1000] f683e76b-943b-436d-b1ff-2477cd2797d9 -> '2. Dos'
[58/1000] 7b99e249-f2e7-49c7-aed5-05007082174c -> '2. Ecuador'
[59/1000] 6971e796-2890-426b-a436-8d032b8da0c7 -> 'La hablante es: 2. Venezuela'
[60/1000] f0d09abf-b80f-436c-842d-142dc789e819 -> 'La hablante está haciendo gimnasia.'
[61/1000] 0feccd55-e69a-40a0-8c11-edc7b10086cc -> '2. Uruguay'
[62/1000] 14ad75cf-0071-49e9-bf94-6bbbd9fc8565 -> '2. Argentina'
[63/1000] 2878b9cf-f989-4065-9fe4-a6a60c5a02ce -> '2. Sintética'
[64/1000] cad74af9-3c4d-41d0-b482-9272e9eca974 -> '2. El capitalismo'
[65/1000] 740d0997-7212-4e0a-9232-be53a66b85d9 -> '2. Los dos'
[66/1000] ede8c737-d1b0-43c9-a80c-678fa82f1612 -> '1. Un narrador'
[67/1000] dfb379b7-a2a9-4457-a493-857ad42d4eca -> 'Periodista.'
[68/1000] 5389a647-f083-42fb-b9a3-ad1e37ad2388 -> 'La respuesta es la opcion 4. La vida, si se conserva, va a morir'
[69/1000] 6aa47993-4e8e-434b-9540-f64c85578e0f -> 'La respuesta es la opción 4. Puramente conservación'
[70/1000] 2f6c5bf1-5572-4d13-acbd-963b9eb4cd4b -> '2. No lo es.'
[71/1000] 3b025e8d-f5fc-42ca-b7fd-16d2dffe2ec1 -> '2. Es una adulta'
[72/1000] 5faa3005-7c5f-4d0b-af2d-6148fb29accb -> 'La respuesta es: 4. Byung-Chul Han'
[73/1000] 3ff15cfb-efc7-4ea3-93ef-fe3edbbad9d7 -> 'La respuesta es: 2. Argentina'
[74/1000] 38a655a8-47e2-4156-8416-9ceba130d581 -> '2. Platón'
[75/1000] b72f2a4e-f0e6-4cf8-8877-567f874893c1 -> '2. Nancy Fraser'
[76/1000] 3751bce5-9149-45df-bf40-e02087033961 -> '1. Uruguay'
[77/1000] 40679d2c-65a7-46e0-9262-2ddb8a382663 -> '2. Colombia'
[78/1000] d3910fc5-da5f-4f93-a76f-a38aceaf8b9d -> '1. Español y chino'
[79/1000] 1ab0a182-c2ee-44f9-a754-c8060db86024 -> '4. Se me olvidó'
[80/1000] 5588c051-5435-4a66-9c93-7db7205d6014 -> '1. Le hablas como un sordomudo'
[81/1000] 404769bf-4a71-404c-bf6b-c18678d3824b -> 'La respuesta es la opcion 2. El Salvador'
[82/1000] f664d051-b366-4491-a9bf-c0b43f4187bd -> 'La respuesta es la opcion 4. En un podcast'
[83/1000] bed1dfce-f603-4944-b9ed-05d8295e43db -> 'La respuesta es la opcion 2. Hermanas'
[84/1000] a4c0de57-b336-4dd7-9518-9c007787543c -> '2. No'
[85/1000] e7f2b2e2-de77-4a11-921e-827138abc189 -> '2. No hay contradicción'
[86/1000] e0656e06-9358-4a8f-b7a2-217a045eb6b8 -> 'La respuesta es la opcion 2. Idea Villariño.'
[87/1000] dd832b00-6acb-49c4-8ab8-16f6cc19171f -> '2. Sí'
[88/1000] 54498aea-c4c6-48cc-b959-7d6464b24e24 -> '2. Dos hermanas están hablando con sus primos y un conocido de la familia.'
[89/1000] 4fd8b12d-917e-4f6e-9515-fddc50acfaab -> '2. el chico que habla poco'
[90/1000] c1ce983e-78c1-4a11-951e-dc753eb38b72 -> '2. ColdCulture'
[91/1000] cc2ea877-4a9d-4faf-acca-25fb7cf44bb9 -> '2. tía'
[92/1000] 32e1d7c0-dadf-4fe9-a974-2a4fe5276fd2 -> '2. De hacer un viaje por las 7 ciudades más antiguas'
[93/1000] 2cbfde75-ee05-49cb-ba20-b9a386cb3347 -> '2. A Japón y Colombia'
[94/1000] 19fd2229-c8c7-4da1-999d-069216379886 -> '2. Pimientos, cebollas y ajos'
[95/1000] cd4cd0fa-97cd-4768-b4a7-5d77d4cf04aa -> '4. Nadie'
[96/1000] 0d4cbba3-a987-4a40-876c-e06b88864be1 -> '2. Todas son correctas'
[97/1000] 56d98629-e78a-439b-928d-358aa1ac9b23 -> '2. Es la recepcionista del hotel'
[98/1000] eaddc5f4-16fb-45d6-9f3c-c7cdef4e64eb -> '2. Al hotel'
[99/1000] 025bff20-22b7-45f3-83c0-842777175445 -> '2. Jame'
[100/1000] b3026629-1401-47ab-876f-f12dd948efaf -> '2. Afirmar que ha cambiado sus hábitos de consumo.'
[101/1000] 06382d14-2498-463b-8c5c-48ed3c003906 -> '2. Ninguna'
[103/1000] a4e34646-0801-451d-bf25-bb6496a27f29: transcripcion truncada (excede contexto)
[102/1000] 30d9372a-9a7d-45cc-acf5-2861e453ff19 -> '2. Está confundido porque no sabe qué bebida es.'
[103/1000] a4e34646-0801-451d-bf25-bb6496a27f29 -> '4. Jaime'
[104/1000] b5050470-8ce1-4a28-a8c6-9790b6fc3971 -> 'La penúltima pregunta que le hacen al paciente de ELA es la numero 2.'
[105/1000] e59c5a0c-2033-4e0b-87ce-e7958018d390 -> 'La respuesta es la opcion 4. Es algo positivo que le ayuda a cumplir sus objetiv'
[106/1000] b41fb6fb-6ebe-4bb4-9f63-6d2fea79c013 -> 'La respuesta es la opción 2. España'
[107/1000] f659dfa3-96e7-4d55-a6a5-a29f10f220fd -> 'La respuesta es: 2. El cuidador'
[108/1000] 74af6438-e143-49d8-a37a-5bda767e3f4f -> '1. Miembro del público'
[109/1000] 01712adb-b60a-40e4-b3b3-90434726f248 -> 'La respuesta es la opción 3. De las dificultades físicas.'
[110/1000] 9e2b5ef2-0c64-4c84-8480-cbb72197089f -> '2. En ninguno'
[111/1000] 1528e444-feec-4d7e-91e6-52d914c98907 -> '2. Segundo'
[112/1000] 880dd389-19df-46ba-97e0-e47d584069da -> 'La respuesta es: 2. Una política'
[113/1000] 2fc49917-3468-4dcd-a00a-7408d4eb4c97 -> '1. Buenos días, me llamo Larraitz y tengo ELA.'
[114/1000] e660ca13-cc18-4d2b-b5a0-c6134e873e72 -> '1. 2.0'
[115/1000] 7d5f404f-9b08-4fbe-b205-33970caa5c84 -> 'El tema principal del vídeo es la eutanasia.'
[116/1000] 423a3c3f-0d2c-4986-ac1a-13ed17e1f72c -> '2. Ninguno especifica cuántos años lleva Larraitz conviviendo con la ELA.'
[117/1000] e5e12161-a750-4e25-9f5f-4508da90d482 -> '2. Persona del público'
[118/1000] 8abf3238-d456-4eee-b8c7-9af49e80eb5d -> 'La respuesta es: 2. Ciudad de México'
[119/1000] 2c380362-0307-49a2-98a7-02274c5a71dd -> '2. Los dos por igual'
[120/1000] a35f3643-9b9c-4b96-87ca-9c8a6ae15251 -> '2. Las dos personas parecen de la misma edad'
[121/1000] 9304f0c6-9d44-42ce-9183-20e6a56a9b15 -> '2. La primera persona que habla en el vídeo.'
[122/1000] d10c688f-4674-41ad-a192-cfbe917f3482 -> '2. Galicia'
[123/1000] 1ae11a5b-304e-488a-a013-527c0719f9cf -> '2. Risas'
[124/1000] dbeb60bb-9afe-40bb-b3e0-c0513db485c7 -> '2. No recibe ninguna'
[125/1000] 9f56f641-4e2a-444f-a4d9-5bc4dd0585eb -> '2. Sí.'
[126/1000] 72057907-21a3-4065-b495-1f4e1ff4d860 -> '2. De las ayudas que dan las asociaciones a las personas con ELA.'
[127/1000] 41421405-19b9-4b7b-8dd0-9805befda0a4 -> '1. Habla de la esperanza de vida para las personas con ELA.'
[128/1000] 0d8763bd-1bd9-4e43-ab6b-39cc2adf9479 -> '2. A Dios'
[129/1000] e3c27429-445e-4b0f-8f8c-077675b1a93a -> '2. Solo en el segundo vídeo se menciona la esperanza de vida.'
[130/1000] a741e037-3d51-4684-be91-899d9c737c76 -> '2'
[131/1000] 9bf8011a-3101-43c1-9725-6edd9a3a48f3 -> '2. Enfrentarse a la enfermedad viviendo día a día y con una sonrisa'
[132/1000] eabf24eb-c7b7-4a59-ba3f-f8724d8c2e87 -> '3. Mujer de José Antonio'
[133/1000] 6b49098f-eb45-4f12-b50e-81d88dce1ca9 -> '21.0'
[134/1000] 6150ddd8-7173-4af7-a239-05c8f2142177 -> '2. Ha vivido más'
[135/1000] 0fbd070e-1be5-4de2-b60d-dc26d1a9160d -> '2. No puede saberse con total certeza'
[136/1000] 6bcf2cf8-fe15-4738-8766-375a2ba9f344 -> '2. Que hablan utilizando únicamente verbos en presente, sin emplear pasado ni fu'
[137/1000] 299e8dea-08ab-4668-8917-f2790c2e9fd5 -> '2010'
[138/1000] d735eeb3-c1da-4db8-a8a7-bbc0e9d33e83 -> '3. 14.0'
[139/1000] 6ed8353d-1e0b-4c59-b861-18badff8bd79 -> '2. No, es un anuncio'
[140/1000] 0c2f64c4-6cf8-4b1b-839c-18fff5861d03 -> '2. España'
[141/1000] 6a05de43-c5c2-4500-90f8-963daea0650f -> '2'
[142/1000] 878a21e4-040d-4732-8d25-5e998bc6c195 -> 'La respuesta es la opcion 4.'
[143/1000] aa58cf62-229e-4958-bffb-d22b1453e093 -> '2. Conocer a la familia de su cuidador'
[144/1000] 7174ca98-9fc4-4721-ad7c-c3a711eda6c1 -> '2. No, pero se comunica con dificultad.'
[145/1000] cb069212-4ba2-42e1-80ec-fcaff2530472 -> '2. Risas'
[146/1000] ea922fb2-0794-4d04-8293-280ba6e31c35 -> 'La respuesta es la opcion 2. Ninguna de las anteriores es verdadera.'
[147/1000] eaae4015-d03b-4a93-ae72-c8b9611dce6d -> '2. Solo hay voces en el primer vídeo'
[148/1000] 6b28f01a-d531-4e8d-a22e-6fefa42d40f1 -> '2. En el primero.'
[149/1000] a51dd5ca-2929-4886-9860-59d180e9e1f5 -> '2. Universidad Autónoma de Madrid'
[150/1000] 4072fd54-2635-4656-bd6e-ad67878d3244 -> '2. Sí'
[151/1000] ccbe690e-7e99-443e-85d4-39e3607fab0c -> '2. De España, porque trabaja en el CSIC y estudia en la Universidad de Alcalá.'
[152/1000] 15454259-079c-47ff-8f07-043c2781a0b7 -> '1. Latín'
[153/1000] 6ae62407-68f7-463a-90d8-dfef52d7d548 -> '3. Dice que es un derecho de las personas con diversidad funcional.'
[154/1000] f9ce4220-967c-4b3e-b805-12a1c385aac7 -> '2. No hay público'
[155/1000] 69f76fad-6e21-46d1-a365-a30ca8805589 -> '2. Eliminar la contaminación plástica'
[156/1000] bce9b704-aff3-4670-a94d-527bcbad1b68 -> '2'
[157/1000] f4944204-9291-4ca6-814e-5415aa123799 -> '2. Mantiene una conexión profunda con la naturaleza y disfruta de ella, algo coh'
[158/1000] e5f69172-3f86-48f7-9f68-eebd1258669c -> '2. No'
[159/1000] 2ffff2a1-e244-4321-ad09-1fab5c05958b -> '2. En los dos hablan el mismo número de personas'
[160/1000] 54e82579-99b4-408b-9e38-fe5b273ee987 -> '2. En el primero'
[161/1000] 5bb09ae2-7ba6-4c6a-92ae-baed97991469 -> '2. No hay diferencias relevantes entre ambos vídeos.'
[162/1000] 0682206e-3fc2-4de6-bb52-b4abff93dc28 -> '2. Que el problema técnico que están teniendo proviene de la pantalla de él, no '
[163/1000] a08203d6-8c31-4838-85a8-9e0e6543c172 -> '2. Después de 2019'
[164/1000] b387eafd-3112-420d-be77-343c169e79e9 -> '2. 64 gigas menos'
[165/1000] 87c42150-deaf-489c-8437-f98ee1362163 -> '2. Se interrumpen muchas veces.'
[166/1000] ac457be6-060a-43a1-846f-65f3dce9a5d5 -> '2. Solo usa lenguaje técnico cuando habla del documental, no en relación con tec'
[167/1000] 149dccb1-a89d-4bb2-b7c1-f34d880577f6 -> '2. No'
[168/1000] 41851bd4-920b-4f02-9973-12a33719b9bc -> '1. El entrevistador'
[169/1000] 4c0b3018-d649-460f-ac7c-3b880f087146 -> '2. No'
[170/1000] b692a863-69cd-4309-96d7-f91d889eea51 -> '1. Ninguna de las anteriores'
[171/1000] cf8f28c3-3b42-41ff-91a0-a1018dbb42d9 -> '2. Ninguna de las anteriores'
[172/1000] a1c8242e-759e-4acd-a0a1-881896634445 -> 'La respuesta es la opción 2.'
[173/1000] 70542705-0fb1-4a13-8969-a7b699240945 -> '2'
[174/1000] 511b8d83-1c08-4c7d-8d61-78cb400e9017 -> '2. El padre del youtuber'
[175/1000] 448609c1-ce11-44f2-a0e8-434954c5d17f -> '37 años.'
[176/1000] 21814b99-4774-4ab2-b0ee-fafc2d3b0dfa -> 'La compara con una vela encendida.'
[177/1000] f5427c0f-1224-4cde-9d23-3b8db0a4ee0d -> '2. Viento'
[178/1000] 576d9ac7-d355-44d4-b9de-a6419ff128f3 -> '2. El ayudante de Raúl'
[179/1000] 1b3bfdcb-a689-446f-8707-348ed78d868e -> 'La opcion elegida es la cuarta.'
[180/1000] 9a6d1834-ddb8-4f79-b405-08bae1b3d8c9 -> '2'
[181/1000] 02d1070c-58ee-4d33-8074-5ffc723d9ca3 -> '1. Documental'
[182/1000] c56f397b-8e36-46c2-94ab-30b57f832712 -> '2. El cuidador de Raúl'
[183/1000] ed3d846e-75b7-4c0a-9471-dfe8733c0f20 -> '2. No hay ninguna relación entre ambos vídeos.'
[184/1000] 381a4002-931e-48ba-9420-72f4b75a8e41 -> '2. El miedo constante a tomar cualquier decisión.'
[185/1000] 9fe9d967-29ce-4398-b837-fad1333da4aa -> '2. Las dificultades administrativas para solicitar ayudas públicas.'
[186/1000] 90c3d8b8-9860-4e8a-8db1-e009a0279530 -> '2. Más de un año.'
[187/1000] 8ab23e43-fd50-4cac-80cd-15d6d5ac6cc6 -> '2. El padre de Nuria'
[188/1000] 0a17beb1-87c3-42dc-9c26-3cdea39a36a1 -> '4. Móstoles'
[189/1000] 94b57e26-bb69-43c2-8579-2d98a4fd0792 -> '2. Una taza'
[190/1000] a63aad5b-af90-477f-af0a-0f508336c145 -> '2. Español caribeño'
[191/1000] 566bc1f4-5136-4907-8082-23fce658a162 -> '2. En el primero'
[192/1000] b159f6e4-69e1-46d1-bbe3-f832542ceadf -> '2. En ambos la misma cantidad'
[193/1000] e5941971-4d3d-42c5-8a38-0ac9ce530c7a -> '2. Un documental'
[194/1000] 4a76ed2e-3034-412b-8a2b-918f7fe93785 -> '2. Nombrar a los miembros de una asociación'
[195/1000] d1189931-9782-44ab-9f05-1c725e41de87 -> '1. A los miembros de una asociación'
[196/1000] c6af87cf-ac31-4304-bd99-e079dc95c8a9 -> '3. Risas'
[197/1000] 4f12c381-f22f-4541-9d3c-5e405bcc221f -> '2. No, tras los aplausos el vídeo continúa solo con la voz del hablante.'
[259/1000] bf459695-d36c-4bb8-83ab-238f0ba70648: transcripcion truncada (excede contexto)
[260/1000] 5c8c7350-066c-44ca-b8d2-b9e4b10ae3a6: transcripcion truncada (excede contexto)
[261/1000] 3dd084ea-ea89-4a81-ae29-20ca402b7be6: transcripcion truncada (excede contexto)
[262/1000] 0f5319e9-defb-4ef8-88e8-52f7b495a8b7: transcripcion truncada (excede contexto)
[263/1000] a23ad7c6-cd76-4057-b0fd-bb9638836409: transcripcion truncada (excede contexto)
[264/1000] 9aad4c83-a3ab-40ae-a270-3af05c7cb536: transcripcion truncada (excede contexto)
[265/1000] bb4684b8-4931-4bca-8385-07e5db653302: transcripcion truncada (excede contexto)
[272/1000] 2a5708f3-8722-4577-a717-be2c1339ab89: transcripcion truncada (excede contexto)
[273/1000] b899dfb1-a972-45cf-8adf-3bbd184de9cc: transcripcion truncada (excede contexto)
[274/1000] 0b554aa7-9b1d-4981-91c1-39df89b23610: transcripcion truncada (excede contexto)
[275/1000] 312ed66c-9da3-4f44-9ac7-1a7f2e88da96: transcripcion truncada (excede contexto)
[276/1000] 74357547-6e23-4259-84c4-e0c853455220: transcripcion truncada (excede contexto)
[277/1000] c90fb07f-4d58-4843-b53a-ad594440c31d: transcripcion truncada (excede contexto)
[278/1000] 1ad45009-6465-47ff-9e32-48c9d0b5fdd7: transcripcion truncada (excede contexto)
[279/1000] 3de59f9d-f541-4113-a0b6-53b81c6cfef8: transcripcion truncada (excede contexto)
[280/1000] 22148661-7edd-405a-9fc5-e2dc95528512: transcripcion truncada (excede contexto)
[281/1000] 4fe5184e-232a-41b1-965c-86093d7f768c: transcripcion truncada (excede contexto)
[282/1000] e9ab83c8-b2df-4b4c-8513-35e7b50eb0cc: transcripcion truncada (excede contexto)
[283/1000] 0e68791a-2ee6-4b29-8680-ff8ee69b71de: transcripcion truncada (excede contexto)
[284/1000] 690fc1fc-1ced-4d7c-b624-e9cbfa28c67d: transcripcion truncada (excede contexto)
[285/1000] 2a9e8276-0c69-4352-b0e1-c7dfbe652068: transcripcion truncada (excede contexto)
[286/1000] ba27353f-75cd-4973-bb0c-83499fd1d183: transcripcion truncada (excede contexto)
[287/1000] d4c67ea3-e22e-44bd-ba37-ec0bae91e003: transcripcion truncada (excede contexto)
[198/1000] 2c0b374e-6261-4488-bb4a-2be668f0eb2f -> '2. Sí, es la misma persona hablando en contextos diferentes.'
[199/1000] 47460eca-1419-4860-a32f-e009f459025f -> '2. Ambos vídeos son igual de dialogados.'
[200/1000] 32636646-5e28-4746-9abb-181d3a9ce9d4 -> '1. Es la presentadora'
[201/1000] 418310e0-2883-4c38-a66b-d7f3e6217a75 -> 'La respuesta es la opción 2. Rabia'
[202/1000] 213383df-edb1-45cb-8477-a8f5c8c26a88 -> '2. Testimonio'
[203/1000] 203adcc7-df80-4d37-ba8c-2af5ba226803 -> '2. Una'
[204/1000] 1207b47f-0fc1-4134-9d3a-ac00701f2d58 -> 'La respuesta correcta es la opción 2. Mar escribió un libro sobre Juan Ramón.'
[205/1000] fe4c712a-bc92-4de7-b2ae-750c811a96e1 -> 'La respuesta es: 2. Isabel'
[206/1000] 669771a9-0ad7-414c-844e-75656fccce85 -> 'La respuesta correcta es la opción 3. Isabel'
[207/1000] 14667741-82d4-4f7c-ad8b-d41eed3abf56 -> 'La respuesta es: 2. La entrevistadora'
[208/1000] 647c5202-fcd4-4eb5-9317-e0b102710d64 -> '2. Hay más mujeres'
[209/1000] 187a742c-0b4d-4055-a954-22de88d02670 -> '2. Tambores'
[210/1000] 6f70f59e-2fa5-4f8e-8d7c-1272976b661c -> 'La respuesta es la opción 2. La hija de Juan Ramón no aparece en el vídeo.'
[211/1000] 2fa82ec2-ec92-478c-bba6-4451765b34ea -> 'La respuesta es la opcion 2. Un amigo de Juan Ramón'
[212/1000] 256394a8-fa58-4e51-807c-9b8fa9794dcf -> '2. Sí'
[213/1000] ac90956e-451b-4d5e-8eb6-49a662386232 -> '2. Sí'
[214/1000] c1d5ee38-fcbc-4d59-a350-bc35b25a18e8 -> '1. España'
[215/1000] 92fe6434-06f9-4427-8b12-4f6d22c7a512 -> '2. Tres'
[216/1000] a701f360-71b7-4131-a4fc-69a3dddb055a -> 'La opcion elegida es la 2. Juan Ramón.'
[217/1000] c0481c7a-d6fe-427a-80af-9f9e6da750a6 -> '2. 3.0'
[218/1000] 4f78be70-9276-4e52-81d3-4219264d5b12 -> '1. Tengo 19 años.'
[219/1000] 67a0d732-7fa3-471e-8a02-ee782e874186 -> '2. Sí'
[220/1000] a32bb678-8283-426a-bed5-7588e805f502 -> '2. una mañana'
[221/1000] e114d769-4408-4bf7-86f2-020232dcd192 -> 'La secuencia de los hechos es la siguiente: 1. Le da la sopa al hijo, hace la co'
[222/1000] efb45eb2-78bb-4f24-a8f4-c63320bf66c8 -> '2. 0-15'
[223/1000] c7e1970a-0978-4e74-8792-6090aeeea50b -> '1. De Venezuela'
[224/1000] 67b21954-a3fe-4c07-b2cd-cc67f0d96e79 -> '2. El esposo'
[225/1000] 99d8ea0b-ac7e-4135-a85c-4c4f26a1e85a -> '1. Es la misma persona que pregunta al inicio responde al final.'
[226/1000] f6dc92f3-5615-4d46-8ff0-d41b1bc51dcf -> '2. En los dos'
[227/1000] fb47cf4a-ff09-44ad-9f19-ba55a537c9e4 -> '2. Su hermano'
[228/1000] d56c899e-6dff-462e-ba79-4c31ace821ac -> '2. Madrid'
[229/1000] 95aea0b8-b4d8-4af0-88d1-9898ad57d241 -> 'La secuencia de los hechos es la siguiente: 1. Se despierta, se arregla, hace un'
[230/1000] 222524c5-807c-4d01-a37c-2904ca37c029 -> 'La respuesta es la opcion 4. Motivación por el día que le espera'
[231/1000] 0742a123-6177-4a01-ba75-04e85370fc38 -> '1. España'
[232/1000] c98249c7-0acb-4320-aa03-5d3adfe6d265 -> '2. Hombre'
[233/1000] bdf31fd0-6182-43ab-aac7-8311d2817bd7 -> 'La respuesta es la 4. Los huevos en la camisa'
[234/1000] 357fe119-5c68-4a80-bd66-df4737e6f723 -> 'La respuesta correcta es la opción 2. Chorizo, verduras, café, huevo y tortillas'
[235/1000] 786fdd4d-801a-447d-b011-9658edcd359c -> '1. Ninguno'
[236/1000] a6ba643b-856f-4f7a-93cd-8d1aa01771cb -> '2. Ninguno'
[237/1000] 144ac57d-38c4-4fef-b349-d1c5f14988e5 -> '2. Un comentario gracioso.'
[238/1000] 7691e11f-bf56-4793-ba36-6df7e230d758 -> '2. 14'
[239/1000] 249a7126-abbd-4029-9522-5e71bd04ac23 -> '2. El entrevistador'
[240/1000] c23e22ef-e408-44b7-9857-87cc3d0b5301 -> '2. el entrevistador'
[241/1000] 6f0b9562-658e-4766-b743-e72f04b8253e -> 'La respuesta es la opción 2.'
[242/1000] 74a14d75-63b7-43dc-aadc-29f8ae460f27 -> '2. La primera'
[243/1000] e5bd0e0a-ba8e-4348-8a21-a8419de31c3d -> '1. Inglés y español'
[244/1000] 3a0b1c00-a115-4b78-aad1-772ec0179c58 -> '2. 6.0'
[245/1000] ae636053-dc12-48d2-95d1-ed1a976f2442 -> '2. La segunda'
[246/1000] 373d70cc-6ecf-4fe7-a6e4-a2d0c948f8a3 -> '2. Correr'
[247/1000] e95b3998-3b12-48e6-84f4-468f488f44b7 -> '1. Dos chicos y una chica'
[248/1000] 39666034-172f-4120-8608-45d8243a4fe1 -> 'La opcion elegida es la 2. Todos'
[249/1000] 79ce210a-a9d1-42c1-b784-e7bb6598571d -> '1. Una máquina'
[250/1000] bc42850f-ee05-4d1b-8ab6-11a22e178344 -> '2. En casa'
[251/1000] f7d08942-b483-44d8-a034-0239dd4fb5fe -> 'La primera palabra que dice en español es "Chocolate".'
[252/1000] 95f8bf7c-ad9e-4af7-8a89-55f0a71db0c3 -> '2. En ninguno'
[253/1000] 3bcbd76c-9b74-4144-b55c-12cfc7065c12 -> '1. Hindi e inglés'
[254/1000] b71c6f3e-3058-4e29-b91c-f7ce11297708 -> '1. Guardando chocolate en una caja'
[255/1000] 8fcc934e-b724-41fc-936c-6e675ee91ceb -> '2'
[256/1000] 2efe3e6d-da60-49c4-a6e4-775071f0b076 -> '2. 3.0'
[257/1000] 71d3c25f-415a-49be-950d-203dcc0e5048 -> '2. 4'
[258/1000] e2d4c756-6ef1-407a-92cf-d2aacc8e7c7d -> '2. Que siempre se distrae.'
[259/1000] bf459695-d36c-4bb8-83ab-238f0ba70648 -> '2. La niña mayor'
[260/1000] 5c8c7350-066c-44ca-b8d2-b9e4b10ae3a6 -> '2. Un hombre, una mujer y dos niñas'
[261/1000] 3dd084ea-ea89-4a81-ae29-20ca402b7be6 -> '4. Argentina'
[262/1000] 0f5319e9-defb-4ef8-88e8-52f7b495a8b7 -> '2. Solo el hombre'
[263/1000] a23ad7c6-cd76-4057-b0fd-bb9638836409 -> '2. Fiesta de cumpleaños'
[264/1000] 9aad4c83-a3ab-40ae-a270-3af05c7cb536 -> '4. 80'
[265/1000] bb4684b8-4931-4bca-8385-07e5db653302 -> '2. Que la comida está muy rica'
[266/1000] 2ecdeeb6-cee3-4250-9587-475e8b76a9b8 -> '1. jugar al fútbol'
[267/1000] 892c88ef-2fbe-492f-8f73-23d5bdd7897c -> 'La respuesta es la opción 2. Con el tío.'
[268/1000] e28d58e7-f91a-4cc7-b220-6fee5fbf5593 -> '2. 0-9'
[269/1000] cb281cf6-c570-4ee4-8e0f-3d584d90869a -> '2. Un ave'
[270/1000] 80c395f4-b547-4d7a-95e7-719ff6015a39 -> '3. El nieto de la mujer'
[271/1000] 4b86ec41-468a-40f5-9f9a-9ac4e47321ea -> '2. Ninguna es correcta'
[272/1000] 2a5708f3-8722-4577-a717-be2c1339ab89 -> '2. un hombre'
[273/1000] b899dfb1-a972-45cf-8adf-3bbd184de9cc -> '2. Sí'
[274/1000] 0b554aa7-9b1d-4981-91c1-39df89b23610 -> '2. 4'
[275/1000] 312ed66c-9da3-4f44-9ac7-1a7f2e88da96 -> '2. El miedo por la noche de Halloween'
[276/1000] 74357547-6e23-4259-84c4-e0c853455220 -> '2. Con los gatos'
[277/1000] c90fb07f-4d58-4843-b53a-ad594440c31d -> '2. 4.0'
[278/1000] 1ad45009-6465-47ff-9e32-48c9d0b5fdd7 -> 'La respuesta es la opción 2.'
[279/1000] 3de59f9d-f541-4113-a0b6-53b81c6cfef8 -> '2. La chica que más habla'
[280/1000] 22148661-7edd-405a-9fc5-e2dc95528512 -> '2. Kiko'
[281/1000] 4fe5184e-232a-41b1-965c-86093d7f768c -> '2. Fizpi'
[282/1000] e9ab83c8-b2df-4b4c-8513-35e7b50eb0cc -> '2. Un chico joven'
[283/1000] 0e68791a-2ee6-4b29-8680-ff8ee69b71de -> '2. No se sabe'
[284/1000] 690fc1fc-1ced-4d7c-b624-e9cbfa28c67d -> '2. Kiko'
[285/1000] 2a9e8276-0c69-4352-b0e1-c7dfbe652068 -> '2. 8.0'
[286/1000] ba27353f-75cd-4973-bb0c-83499fd1d183 -> '2. Trabajan juntos'
[287/1000] d4c67ea3-e22e-44bd-ba37-ec0bae91e003 -> '2. Es que ese es nuestro rollo'
[288/1000] f0c6b600-39fd-473d-ba96-b348c3efc368 -> '2. Sí'
[289/1000] 663c9427-55ad-4417-b607-7e2f8de70a77 -> '2'
[290/1000] ff3725d2-75fc-49de-9287-6e5298d6e956 -> '2. 15.0'
[291/1000] 80a8ace6-f2ea-49b8-8ae9-f10b3727a5bf -> '1. la mujer'
[292/1000] 5aa3cbcd-9adf-44fe-9dbd-9eb8327ea7c0 -> '2. Igual en ambos'
[293/1000] 6a9ff2c8-97ce-4649-bdc4-652f5c2d629d -> '2. La persona de voz aguda'
[294/1000] b04ac046-224c-4f41-8bc0-372da7314099 -> 'La opcion elegida es la cuarta.'
[295/1000] 9b8d5daf-ef46-4b45-a633-3ade040ba1f8 -> '2. La moderadora'
[296/1000] 33727d37-418d-420f-9ef5-7ac1c01d0d56 -> '2. 6.0'
[297/1000] dbdadb3d-03b5-47a5-84de-94dddb5f93f4 -> '2. Que no va a ir a pasear al parque'
[298/1000] aee2d937-ba2b-4522-9d13-d03947886ef0 -> 'La respuesta es la opción 2. Si se dice "prendas" o "ropas".'
[299/1000] 6abb4b7d-d0f6-4f73-8745-245260e36258 -> 'La respuesta es la opción 2. Con su nieta.'
[300/1000] 3e6564a9-bb6e-49d1-a8ec-1c54af13b721 -> '2. Su clase de español'
[301/1000] 0987e2ab-f0e6-4594-9642-81f993da54e9 -> '2. En el primero'
[302/1000] b2a08162-e019-4dc5-b0dd-47f940f67df0 -> '2. No hay pausas'
[303/1000] 3986078c-4df4-407d-8975-65064ee3dd81 -> '2. El hablante del primer vídeo'
[305/1000] 8315f6b1-bdc5-413a-b965-1795994f75b9: transcripcion truncada (excede contexto)
[306/1000] 68d2434a-c59f-435c-bf21-20f503245c99: transcripcion truncada (excede contexto)
[307/1000] 490b9097-0a0f-4c38-9f3a-5807acd510eb: transcripcion truncada (excede contexto)
[308/1000] 1ead35c4-6a61-4d58-882a-1442ef4dc380: transcripcion truncada (excede contexto)
[309/1000] 3483a71c-1162-441c-9e28-c62b1b466127: transcripcion truncada (excede contexto)
[310/1000] f275f14e-24e5-4614-8db5-5b9afbf7a95e: transcripcion truncada (excede contexto)
[318/1000] 20fdc53d-31a2-4d32-b2c9-5187cd402c95: transcripcion truncada (excede contexto)
[322/1000] 7ab06489-a967-4976-92b7-c13965b26d91: transcripcion truncada (excede contexto)
[328/1000] 8af9b3e1-4f6c-404e-8411-747d5a8c0db9: transcripcion truncada (excede contexto)
[329/1000] ebaf20e1-7591-4ad6-b703-b4c2cd14dc7c: transcripcion truncada (excede contexto)
[336/1000] ff099348-4d3d-4b26-b888-3ddbde045334: transcripcion truncada (excede contexto)
[338/1000] 7f44b128-510d-4f9f-b352-fea63e5afec8: transcripcion truncada (excede contexto)
[339/1000] 6c9df812-2379-43db-8828-a9aa0292ef3b: transcripcion truncada (excede contexto)
[340/1000] 210c7111-c927-477d-8699-d4f82eea3144: transcripcion truncada (excede contexto)
[341/1000] d695d4bf-6417-47c9-8899-7a40c2799cd3: transcripcion truncada (excede contexto)
[346/1000] 14e7141d-6fc7-4152-b279-b2df82cbd0eb: transcripcion truncada (excede contexto)
[304/1000] 26285d44-3648-45b5-bb3b-9c7c6c3693f3 -> '2. Los dos'
[305/1000] 8315f6b1-bdc5-413a-b965-1795994f75b9 -> '3. Carlos'
[306/1000] 68d2434a-c59f-435c-bf21-20f503245c99 -> '2. Jame quería saber qué tenía que llevar importante y Patricia le dijo que llev'
[307/1000] 490b9097-0a0f-4c38-9f3a-5807acd510eb -> '2. En ninguno'
[308/1000] 1ead35c4-6a61-4d58-882a-1442ef4dc380 -> '3. Carlos'
[309/1000] 3483a71c-1162-441c-9e28-c62b1b466127 -> 'La opcion correcta es la cuarta, Carlos.'
[310/1000] f275f14e-24e5-4614-8db5-5b9afbf7a95e -> '1. el del primer vídeo'
[311/1000] 835f4507-4828-40ce-a973-329e8314cc5a -> '2. Dormía durante el tratamiento.'
[312/1000] 535675ea-2690-4c04-96cd-c3c81d17a097 -> '2. Porque hacía frío en el hospital.'
[313/1000] 3fa340ce-8cbe-4884-8f6d-fb99910e43c3 -> '2. No susurra'
[314/1000] 887ca737-7c60-483b-a793-813d65b93279 -> '2. la mujer del segundo vídeo'
[315/1000] 2960accb-9f9c-42c1-ab00-8bcb0949b26f -> '2. Nadie'
[316/1000] 0869c474-c8f3-48bf-8971-aa0bc17b54ce -> '2. El hijo'
[317/1000] b827e67e-1116-42e4-8b8a-20306482ceac -> '1. Van antes de darle de comer.'
[318/1000] 20fdc53d-31a2-4d32-b2c9-5187cd402c95 -> '2. Nadie'
[319/1000] 18bc3fdc-6865-49a6-b1c2-6b066f188433 -> 'La respuesta es la opción 2.'
[320/1000] d23de29c-a6d7-4fe2-9470-1aeab9cae0fa -> '2. Chile'
[321/1000] 70613462-5351-46fc-b33e-7a7dc2a7294f -> '2. Satisfacción'
[322/1000] 7ab06489-a967-4976-92b7-c13965b26d91 -> '2. La del segundo vídeo'
[323/1000] 8637f507-2c97-4ead-85b7-fd3ca538d8ff -> '2. Ser una persona tranquila que no sale a jugar'
[324/1000] dadcb37d-f77b-4795-a9fc-bb23060276ff -> '2. En el primero'
[325/1000] 7ce1de71-60e0-4273-85c9-150deb571c34 -> '2. Ninguno tiene'
[326/1000] 28e78645-29d0-483a-84a6-4df79d8be4e2 -> '2. La mujer'
[327/1000] e42e8149-644d-4e61-bc78-44a680f6b32a -> '2'
[328/1000] 8af9b3e1-4f6c-404e-8411-747d5a8c0db9 -> '2. No han tenido tiempo de grabar.'
[329/1000] ebaf20e1-7591-4ad6-b703-b4c2cd14dc7c -> '2. Sudaderas'
[330/1000] d06cc848-1a6c-4ef1-8ff9-b31c5e716538 -> '2. El tercer hablante'
[331/1000] 70e28e55-ee22-42e4-881b-55e7d18dfd16 -> 'La opcion elegida es la primera, con el texto "la queratina"'
[332/1000] 26ac4e7c-bf42-448f-a4ed-b41d720369cd -> '2. Rubio'
[333/1000] ff703375-b071-4332-94f9-7b1b1466d3f7 -> 'La respuesta es la opcion 2.'
[334/1000] 33161af4-e7e8-488c-94eb-f7d32e264666 -> '1. Inglés y español'
[335/1000] 0ec152b6-4c54-403b-abde-c1a97ee9b80f -> 'La respuesta correcta es la opción 4. imprimidora'
[336/1000] ff099348-4d3d-4b26-b888-3ddbde045334 -> '2. El hablante del primer vídeo'
[337/1000] ac6317b5-2722-4aec-b6e5-1706cc720330 -> '2. La del segundo vídeo'
[338/1000] 7f44b128-510d-4f9f-b352-fea63e5afec8 -> 'Leo es el otro hijo.'
[339/1000] 6c9df812-2379-43db-8828-a9aa0292ef3b -> '2. El chico'
[340/1000] 210c7111-c927-477d-8699-d4f82eea3144 -> '2. Nada'
[341/1000] d695d4bf-6417-47c9-8899-7a40c2799cd3 -> '2. No dice nada de la epidural'
[342/1000] 25293492-302b-4ca1-853c-128679e3d326 -> '2. No'
[343/1000] fbe1fe95-b6c2-4945-9885-bb053196fcbe -> '2. La mujer'
[344/1000] 255d74a0-981c-4f85-a1b3-579e620a7a45 -> '2. De si hay que pagar'
[345/1000] b510b2e8-afe0-4eb9-9ca9-104b4de3d46b -> '2'
[346/1000] 14e7141d-6fc7-4152-b279-b2df82cbd0eb -> '2. la del segundo audio'
[347/1000] 104ffb97-87e7-4ae8-8757-d7404186f27b -> '2. 2'
[348/1000] a7d90f7d-d2e4-4f19-b3d8-b9f81e227d27 -> 'La del segundo.'
[349/1000] 36c77b6f-c8c6-4ebd-862a-ff2f8a111fa1 -> '2. igual'
[350/1000] 384e58d4-1064-4296-85a2-7dbd604f4f94 -> '2. Porque le duele mucho y está chillando.'
[351/1000] 6a420ec5-9c30-4856-8ae3-33b2691ab518 -> 'La respuesta es la opcion 2.'
[352/1000] 54b09d62-7d27-46e6-ae82-bc0419526027 -> '2. Son primos'
[353/1000] b843763b-302d-4dc4-92f1-c9d142a71138 -> '2. La mujer'
[354/1000] 3b8dd053-579c-4c4b-b3f8-5e18b75a4c2b -> '2. No aparece ninguna chica'
[355/1000] 172050c0-ed49-422f-b597-05ec89f7efe7 -> 'La persona que habla en tercer lugar.'
[356/1000] 8b39a6b9-da7f-491b-88bf-e55f1080af1e -> '2. Hay una persona que parece emocionarse y otra persona que no expresa ninguna '
[357/1000] 69a9a42e-968b-471a-b2f6-1d71cf792829 -> 'La opción 1. La mujer que está emocionada.'
[358/1000] fd35d31b-5849-453f-8a4e-db4eddf873cd -> '1. La del primer audio'
[359/1000] 2afa0ad1-e691-477b-8e46-916b579bd836 -> '2. La segunda.'
[360/1000] 0dc93871-5c6a-4654-870c-4de3096567fd -> '2. El primer directo de YouTube y Twitch'
[361/1000] 5741079b-2aa7-45f9-91de-8579a81e476a -> '1. De Chile'
[362/1000] 825df92a-5350-490b-a798-6320b3117620 -> '2. Nadie'
[363/1000] 6e618912-27b0-42ed-937c-3368c70bec75 -> '1. Argentina'
[364/1000] 51defe35-67bc-49c4-bf44-e02b98a9a9f4 -> '2. Porque le está haciendo una broma al hablante principal.'
[365/1000] db2434f2-f913-4eb6-9cd2-8d229111861e -> '2. Reacciona de manera muy amable'
[366/1000] 69883050-4297-47a2-9ccc-544e7c935b46 -> '2. Es porque está acelerado'
[367/1000] 37030060-2e25-4026-a2a4-1386d1dad960 -> '2. El extranjero'
[368/1000] 7c13d5d8-ec72-4aa2-bc4b-3474d8dc6bf1 -> '2. En el segundo'
[369/1000] 6654f9f6-1ae8-4053-81e3-6e5071a4c369 -> '2. Está asombrado por las vistas y la altura.'
[370/1000] 66f036f4-8f21-437f-b0de-c29252c9af43 -> '2. De España'
[371/1000] 619fee2c-4886-410d-8266-0da6ebd4d949 -> '2. En Mexico City'
[372/1000] 24edd0ca-172d-4fab-9257-3c74547168c9 -> '2. 3'
[373/1000] 8b1ca32a-5d7e-4dae-af8e-357a3d4cd654 -> '2. Nadie llora'
[374/1000] f5dcc8e7-100f-4a87-ae79-0ec166366c6e -> '2. De nadie'
[375/1000] c61fd12a-7cd7-4f95-a6d5-a0056e36da23 -> '2. Nadie'
[376/1000] 6d9f86a5-7239-464f-ad6a-1944f603b4ff -> '1. El hijo'
[377/1000] 7b30feaa-505c-4738-b94a-0230ab9f038b -> 'La respuesta correcta es la opción 4. 11.0'
[378/1000] f226d84c-f355-4b82-9a32-e3d17ea40b02 -> '2. No los ha hecho nunca'
[379/1000] 0c1415a5-a49a-4ae8-85be-466cb4bbf790 -> '2. Porque la historia ha generado incomodidad y shock.'
[380/1000] 02c164c8-2162-44e8-bd7c-871284b5b592 -> '1. David'
[381/1000] fbceedf9-834d-480a-ab6d-307beb825cc8 -> '1. No se lo puede creer'
[382/1000] 4b5de87d-6b18-44e8-a603-ec83602dd618 -> '2. En primer lugar'
[383/1000] 503f18a2-d50a-4c0c-ac64-832555f50976 -> '2. Los que se mencionan en primer y tercer lugar'
[384/1000] e7e241ff-9827-4673-8aa2-b211ac2686cd -> '3. 5'
[385/1000] 50238142-71ea-473a-8c56-72d9f5ad4c56 -> '1. Nadie'
[386/1000] ca19eabc-f621-467c-8fff-e29cd16c1d80 -> '2. Que hay poca cantidad'
[387/1000] e9cc2926-a934-4e29-b400-3ab78537fa9b -> '2. La mujer con voz más grave'
[388/1000] 134abc72-43f4-4001-b271-c2a789132665 -> '2. Nadie'
[389/1000] fb26402f-d038-4405-8137-3fd5e2061336 -> '2. Todos los hablantes'
[390/1000] 3fa2118a-cd3b-429a-b89a-84b2d25d5c17 -> '2. Nadie'
[391/1000] 0beee9c8-24e6-4135-b994-b459498b3e8b -> '2. La chica que habla primero en el vídeo'
[392/1000] d5b81d98-66e3-4feb-8fcb-74678bd4c469 -> '1. 2'
[393/1000] 85c9171d-c0a1-4dda-a9f0-2fa365bd8515 -> 'La hermana mayor.'
[394/1000] 23003cd1-46bd-43f3-8473-6d0a42271cb6 -> '1. De México'
[395/1000] c533ffc6-7e55-4924-9ca1-58bf32844a40 -> '1. español'
[396/1000] 1f2b38ec-0441-47c5-a4c0-f940af5cf051 -> '2. Es una forma de llamarle de manera muy española'
[397/1000] 12caefd4-ff6a-47b8-b80a-740143cca3c1 -> 'La respuesta es la opcion 4. Quita eso de ahí arriba por favor'
[398/1000] d1bba3c5-d3de-4cb1-9023-367b5f45bc0d -> 'La respuesta es la opcion 2. Muchacho'
[399/1000] f728eaeb-425e-4385-a488-75f2d955a2d3 -> '2. Una pregunta'
[400/1000] 03a3a778-a8d5-4a3a-ab28-cb15681d702c -> '2. La persona que habla más rápido'
[401/1000] dd5b20ff-ad6f-463e-924e-c667fec69975 -> 'La persona de voz grave.'
[402/1000] 0e453e7f-683f-4b0e-93a1-07126d971107 -> '2. la chica'
[403/1000] 8f6cee5b-b4ca-4669-904b-8b049fcfb540 -> '2. en ninguno'
[404/1000] 517712e3-8d94-457e-8198-ab964b11c1f1 -> 'La respuesta es: Emocionadas.'
[405/1000] cc2d751c-f8d3-48d7-afe4-69473c994159 -> '2'
[406/1000] fcf07b52-2afd-4eab-9db2-fe092b8156c2 -> '20-35'
[407/1000] d63d670f-2d59-446b-8a7f-f0d090f08163 -> '2'
[408/1000] 2c8c13c2-b06e-474b-b19e-6406c28ba4e2 -> '2. Para contar una historia de su perro'
[409/1000] 9cd01d74-06ab-4c37-a20e-684d8f5f12f2 -> '1. running'
[410/1000] ab237ddb-d2fa-494c-83b8-58cb127201e0 -> '1. triste'
[417/1000] a9de4b6e-f967-42ad-8ceb-3acd4531347d: transcripcion truncada (excede contexto)
[418/1000] 8d411990-5402-4957-b96c-e38aaa53f486: transcripcion truncada (excede contexto)
[468/1000] 69b19d14-5ffa-4fa4-a6e3-1bcc6490b9d4: transcripcion truncada (excede contexto)
[469/1000] 38b866a4-7fc1-439b-a39f-bdc6b394bc85: transcripcion truncada (excede contexto)
[470/1000] b98f8b44-dd7b-4d4a-a20f-08a4a6e00fb8: transcripcion truncada (excede contexto)
[411/1000] ba8810eb-2656-4ca3-ac9f-d733be3634aa -> '2. Si al chico le gusta salir de fiesta'
[412/1000] a0565a5b-f704-465a-868f-0c82e7272490 -> 'La situación comunicativa es la opción 2. Son dos amigos hablando de sus novias.'
[413/1000] 5d7c91e4-5946-49c8-9c0e-f6f714239ee2 -> '2. Que se trata de una situación sorprendente para el hablante'
[414/1000] 1e0aa5e8-e68f-4cab-8659-7d627f1ae7d2 -> '2. A lo mismo que el presentador'
[415/1000] 0b888129-0bf4-4861-94f4-c1ae0edd77c7 -> 'La respuesta correcta es la opción 2.'
[416/1000] edf8127f-b5ec-4654-99dc-85e51fffa477 -> '2. Sevilla'
[417/1000] a9de4b6e-f967-42ad-8ceb-3acd4531347d -> '2. paseo por el safari'
[418/1000] 8d411990-5402-4957-b96c-e38aaa53f486 -> '3. 3'
[419/1000] b22022c0-5252-4d93-8fdd-bc42d2be989c -> '2. Solo algunos'
[420/1000] a8f1b0aa-5008-4886-9acb-e05cc9c6d4ad -> '2. Es el ruido de los frenos de un coche'
[421/1000] 401b48b7-285e-43d4-933f-b3c019b69942 -> '2. A una persona le han intentado robar y la víctima ha reducido al ladrón.'
[422/1000] ab086797-324f-4ecb-b5e0-1de14a993b00 -> '1. Todas las opciones son correctas'
[423/1000] cc75a700-e7c5-4cb1-8a9a-9b77b5eb1007 -> 'La respuesta es la opcion 2. Son todos niños y adolescentes, probablemente entre'
[424/1000] cbfa751a-1b54-4183-ad09-fb65ffa7a999 -> 'La opcion 2. El tercer hombre que habla es la respuesta correcta.'
[425/1000] 92cfbc62-b514-40c6-becf-3ad18c145e19 -> '2. Dice que no puede girar hacia la izquierda'
[426/1000] 0a92853e-0a0b-4f23-b34c-2b80be6723b2 -> '1. Todas son correctas'
[427/1000] 223703e7-07c2-41ec-85a1-5fcd88fd9416 -> '2. Actores'
[428/1000] e3b45ee7-e1ba-4b5d-b06f-1a791c3021a1 -> '2. Este énfasis parece subrayar que lo que acaba de decir es evidente u obvio pa'
[429/1000] 2280067e-f902-4681-b9b0-9fac67b42ad5 -> '2. El énfasis final indica enfado o reproche hacia los interlocutores, y la risa'
[430/1000] 90b2b738-6ccf-4cbd-b646-c900af15361d -> 'La respuesta es la opcion 4. Un préstamo léxico del catalán al español'
[431/1000] 197da639-0802-4386-8ad4-23cd80730e12 -> '2. Corregir su propia pronunciación en tiempo real'
[432/1000] 342a548e-8202-4ee3-97aa-5d4c3b790235 -> '2. La hablante usa una expresión coloquial para reforzar el tono humorístico, si'
[433/1000] 4d558c5f-d40b-4716-a5fc-caeb869350ac -> 'La opcion 4. La interacción lúdica previa y posterior con el interlocutor.'
[434/1000] e2c63a72-d321-46c8-b738-ae3214195852 -> 'La interpretacion mas adecuada es la opcion 2. Una sola persona habla y las otra'
[435/1000] 4be6ec19-33c1-45b1-92a5-7689ae843ed0 -> '2. Que existe un fallo técnico en el audio.'
[436/1000] 08063f85-2b4f-4b0b-81dd-f356280b9aab -> 'La respuesta es la opcion 4. Nerviosismo y ansiedad.'
[437/1000] bff7e04a-96ac-41d6-a403-c0bed717b788 -> '2. Uso de muletillas y vacilaciones.'
[438/1000] 96003313-24f5-4f21-a427-2e0c6925b221 -> 'La respuesta es la opcion 2. Un elogio sincero para suavizar el conflicto.'
[439/1000] 93d5cafe-40a1-4b7a-8463-cbfd203823a7 -> 'La respuesta es la opcion 4. Enfado intenso con frustración.'
[440/1000] 737041db-1fca-4514-94f2-332aeed962b2 -> 'La respuesta correcta es la opción 2. Volumen elevado, ritmo acelerado y entonac'
[441/1000] b2af1eea-2062-4f56-89c8-94be56dbe9f8 -> 'La respuesta es la opcion 4. Cree que el otro hablante lo está ignorando.'
[442/1000] 46336f70-d6a2-488d-969f-6a9425ec1692 -> 'La hablante es la madre.'
[443/1000] b3f8bc12-e974-41b8-930c-6f92a8fe1e17 -> '2. Presencia de diminutivos afectivos como “-ito” o “-illa”.'
[444/1000] b9553601-c937-4517-9253-2d763380dcf5 -> 'La respuesta es la opción 2.'
[445/1000] 28e03a89-8ed8-4558-8d42-dd86a9ac8116 -> '2. Usa expresiones que no son apropiadas en un contexto policial.'
[446/1000] f7aeadbe-473f-4abc-b22e-2b2dfc659f74 -> 'La respuesta es la opción 2.'
[447/1000] 968b3a2a-6164-46ae-8d8b-200e8b7fb360 -> '2. Cuestionar la capacidad del profesional.'
[448/1000] 74a9f6ad-dad0-4fde-baf0-4e56f0ec15f3 -> 'La respuesta correcta es la opción 2. En el vídeo aparecen tres personas de dife'
[449/1000] 760d11f1-4fe6-4926-b4a1-3fc3efb0daef -> '2. Es una forma de llamar a su hermano.'
[450/1000] 1ea44c0a-3ef9-493f-8463-84e76ebe041d -> '2. Uso constante de entonación interrogativa.'
[451/1000] 69e20ffc-3449-4834-89c0-b62fa963b01f -> '2. Español americano indeterminado.'
[452/1000] 50065171-0376-4f73-b41f-0cba781ea043 -> '2. Nadie'
[453/1000] 90b18b1f-b160-4ed1-a9b8-1321b5d1680b -> 'El diagnóstico es: cambio de clima.'
[454/1000] 2666b27e-db4b-4f8b-bccc-7ea59fe95a36 -> 'La secuencia de turnos mas probable es la tercera, ya que el hombre politico se '
[455/1000] 0f0bdcb1-74ac-4543-880f-6c6a37883cdb -> '2. Antes de hacer todos los planes.'
[456/1000] 1c79e2ed-d92f-460e-8dda-63d2b02e449e -> 'La respuesta es la opción 2. Es el tío de los otros chicos.'
[457/1000] 799297ba-b97c-4e22-acd8-5d257dede9ab -> '2. En ninguna de las anteriores'
[458/1000] 27a71515-fe74-45fc-a3af-96f7f15e201b -> '2. Ignora las peticiones de su hija'
[459/1000] 93d9c7eb-ee4f-4ae7-92da-e7e3a2114757 -> '4. Ninguna es correcta'
[460/1000] 2df04b1a-c945-4220-af11-ac449e4e661b -> 'La respuesta es la opcion 2.'
[461/1000] 3a235725-4cef-431a-a600-77352ad292d1 -> 'La incongruencia que sostiene el humor en este fragmento es la tercera opción.'
[462/1000] 21aa19c0-3103-4d9a-8d3c-8e1135f033ed -> '2. Se siente triste y comienza a llorar'
[463/1000] 347c8d93-130a-41cb-879a-8ce64067738d -> '2. La mujer es una congresista que comenta la intervención de un vecino.'
[464/1000] 59d19578-f7f6-4bdb-b833-ffe873e1c60a -> '1. Un caso de corrupción sobre empresas públicas de alimentación'
[465/1000] 383b7ae0-5b07-41fe-959b-599a272bfcbf -> '2. El presidente de Argentina'
[466/1000] 309bf975-9d01-4eff-bbb1-9ee81714a3e9 -> 'La respuesta es la opcion 4. Venezolana'
[467/1000] d3cfa033-01e4-4e7f-8911-12fbcc57e9d9 -> '4. Ninguna es correcta'
[468/1000] 69b19d14-5ffa-4fa4-a6e3-1bcc6490b9d4 -> '1. Euskera y catalán'
[469/1000] 38b866a4-7fc1-439b-a39f-bdc6b394bc85 -> '2. La PlayStation 5'
[470/1000] b98f8b44-dd7b-4d4a-a20f-08a4a6e00fb8 -> '2. Es un político hablando con las personas de la calle'
[471/1000] c340c649-b660-43db-918b-c9991e3cd15c -> 'La respuesta es la opción 2. Los interlocutores son un hijo y una madre, no hay '
[472/1000] c7feef51-47cc-45dd-bbb3-9ce54ff0096c -> '1. Español e inglés'
[473/1000] bf642daf-8247-47b6-b53c-30c4be19607b -> '2. Pregunta si la botella está vacía.'
[474/1000] 8caf167d-89a7-467d-98fd-849d2ac15998 -> 'La respuesta es la opcion 2. Tercero'
[475/1000] 5e69f298-ab4f-4657-aecb-9abecef05b1c -> '2. Quinto'
[476/1000] 51ea65e7-3b8e-4657-819b-0a5c28ac4dbb -> '3. Nada'
[477/1000] 60016df4-d658-446c-93d9-6613cbf96d34 -> '2. El enfado de otro interlocutor'
[478/1000] 33551402-ca7a-4b6d-950b-2b2c84b81ec8 -> '2. A la camiseta'
[479/1000] 3f6e0f96-5a85-4795-92fc-d538d96f2e84 -> '3'
[480/1000] 7e31eb14-4fe1-4d04-a47d-0a5147e3c4d8 -> 'La respuesta es la opcion 2. Sarcasmo'
[481/1000] 3f2659dd-a02a-45f4-b074-2326ee9fdbd8 -> '2. Que no es necesario pedir perdón porque los jugadores hicieron todo lo posibl'
[482/1000] d590812e-bebc-4896-95d3-205dcc5ad8f6 -> 'La respuesta es la 4. palmera'
[483/1000] e0463ebe-b43d-4745-8104-18ea1a46fe34 -> '2. Imbécil'
[484/1000] 90dcfae7-62a1-4c40-bce7-dbb489418893 -> '1. Es incomprensible'
[485/1000] 88723f47-0668-4d06-8a57-e7ed9433a432 -> '2. Que el hablante se encuentra en un contexto de gran emoción colectiva, probab'
[486/1000] 45923c9a-7905-4697-a590-44a364123b24 -> '2. Un patrón melódico descendente y relativamente uniforme, característico de in'
[487/1000] b6fcd1f5-2da0-43bb-9e41-7f417795ff14 -> '2. Uno sí y otro no'
[488/1000] 83f8c1c7-2571-45c3-a001-a1a8043907b7 -> 'La respuesta es la opcion 2.'
[489/1000] 2ca97400-1eaa-4b12-9c40-fd82e0df9d1b -> '2. Tiene una bandera prohibida en la cámara'
[490/1000] bf483b81-a4fe-4358-b964-9e2294bc76a2 -> '3. A la tercera'
[491/1000] 3e6e2ef3-f657-4dd8-9c46-beed3f3ac8d2 -> '1. Una caja'
[492/1000] fa6fe7db-9e92-4d50-8cd6-aa14c9f3f57b -> '2. En Perú'
[493/1000] fd34c501-f859-45a1-9410-70963e88c118 -> '2. Que no se cumplen las expectativas de las respuestas. El chico responde de ma'
[535/1000] c087653b-c6ba-46e1-9744-bea978024b8c: transcripcion truncada (excede contexto)
[536/1000] 4dbce416-8813-44ee-be5f-8b0487542896: transcripcion truncada (excede contexto)
[537/1000] 1fc52b48-212a-44af-99c1-61e5d5708bf7: transcripcion truncada (excede contexto)
[538/1000] 1a2d3308-dbd8-44d0-ae25-ef3b53c34cab: transcripcion truncada (excede contexto)
[539/1000] 8d0787cc-d108-4f02-b43d-fbaadca7e056: transcripcion truncada (excede contexto)
[540/1000] fb652039-3b0c-4c5e-9743-31b649db90e5: transcripcion truncada (excede contexto)
[541/1000] 5982bdd0-1faf-4ecf-b83e-2c7de7986b21: transcripcion truncada (excede contexto)
[542/1000] edd8bb3f-e9d4-4f90-95e1-714e36eaaaa6: transcripcion truncada (excede contexto)
[543/1000] 29fd54d3-ba9a-484b-9651-98b063da3e69: transcripcion truncada (excede contexto)
[544/1000] 6547cec1-7910-4cd3-b780-63d222ed7e51: transcripcion truncada (excede contexto)
[545/1000] 2b1ccc44-4d2b-4ff8-b01e-f4d3af9570fc: transcripcion truncada (excede contexto)
[546/1000] fdcaa799-77e7-4f8e-b72b-ec47b1fbb92a: transcripcion truncada (excede contexto)
[547/1000] 9b5c7ee9-887e-4a06-bf42-13a5cb5a9220: transcripcion truncada (excede contexto)
[548/1000] 356e3180-1068-4adc-980b-6e1c1aff056e: transcripcion truncada (excede contexto)
[549/1000] 970d6d5d-359f-4da1-a444-dabdef2c18e6: transcripcion truncada (excede contexto)
[550/1000] c63e057b-c5f9-468a-9981-a5ae74a02224: transcripcion truncada (excede contexto)
[551/1000] 6bf463e5-4a7e-40f1-9d38-cfdc5eda84d3: transcripcion truncada (excede contexto)
[552/1000] 6ba13778-85d1-4584-ac76-afeaabd80f59: transcripcion truncada (excede contexto)
[494/1000] ab3f949b-6799-4710-a303-68ae97b4b1a3 -> '2. Dos espectadores y un humorista'
[495/1000] a789c99d-dad8-44c0-80e6-735dffab883b -> '2. El chico'
[496/1000] 7135324c-afdc-47da-85f9-036b4f2ef3af -> '2. El ruido de una puerta.'
[497/1000] 0cb8471f-d990-4040-b5a8-53e22d089a0d -> '2. Pasta de miso'
[498/1000] e34bf5dc-3873-4e2d-bd18-1595eebe5d6d -> '2'
[499/1000] b794fb33-6b44-443d-8f29-6eede8bac3c9 -> '1. Gallego, madrileño, gallego, almeriense, gallego, catalán'
[500/1000] b2bc4a88-4985-4288-b0f1-10ad76c051f0 -> '2. De Madrid'
[501/1000] 12217b90-4b20-452c-ba54-12dbe47c12d9 -> '1. Se divierte con más bromas y se ríe'
[502/1000] d88ee1b5-e56f-46a7-934b-b50b14785cc3 -> '2. Desilusión, alegría'
[503/1000] 1e651203-ecd9-43ad-82fa-bc5842e330d2 -> '2. La mujer al principio del vídeo está riendo.'
[504/1000] 788d74c1-e604-47d4-b6fa-480e826098ee -> '2. El Cid'
[505/1000] 745dc243-ceda-429e-b533-03f9387f89b5 -> 'La respuesta es: 4. Un conejo blanco'
[506/1000] 75f4d947-3f29-4297-85ee-e3378de949af -> 'La del Mago de Oz.'
[507/1000] e0d6094f-289c-493e-9d6b-513579b68101 -> 'La respuesta es la opcion 4. ¡Viva!'
[508/1000] aba8c048-44c9-45bb-865c-e58b46ad901d -> '2. El chico'
[509/1000] d278c8c5-aca1-4861-9894-3d3fcc365a41 -> '2. Todas son correctas'
[510/1000] ab1d67c5-2b54-43ae-9952-47c9f2b2a418 -> '2. No hay tantos hablantes'
[511/1000] afaebe1c-12bb-4c98-a702-f36445faa5f6 -> 'La respuesta correcta es la opción 2. Se está hablando de jardinería.'
[512/1000] eab6abb9-8a2a-454a-ae6d-bb2271ca9727 -> '2. Sobre por qué no le gusta la música clásica'
[513/1000] 24050349-636e-4ef7-8a63-86de58f77e62 -> '1. En Jungle'
[514/1000] c495e841-f4b4-48fd-b4e0-43e875f56486 -> '1. ¿Dónde puedo encontrar las tres causales?'
[515/1000] f826e0d5-195c-4036-882b-82e9a64a9bf5 -> 'La respuesta correcta es la opción 2. Alma con giralda y fina y alegría'
[516/1000] 84bfd1b8-ddcb-47db-8346-e7cf575764f7 -> '2. Que es un lacayo de Trump.'
[517/1000] bb83f7e2-ef48-44ce-ac7d-03fb2c32a20b -> 'La respuesta es la opcion 2. No hay ninguna canción'
[518/1000] 4090deb7-f2ba-46b0-b72d-defa7dec5b89 -> 'La respuesta es la opcion 2.'
[519/1000] 8a7fcc51-8ce8-431b-8e7f-13931817fed6 -> '2. los dos'
[520/1000] 0847804b-998d-4898-902c-824a39d6a203 -> '1. No'
[521/1000] df0b7c06-d436-406f-b984-89deaa21dc16 -> '2'
[522/1000] 95c59617-7bd9-4848-a1d2-934ccebd0bf1 -> '2. En la cocina de un restaurante'
[523/1000] b191dbe6-ca46-4650-9628-eb0c1c9a9b12 -> 'La respuesta es: 2. Enfado'
[524/1000] 521c185f-8d73-4374-b937-7545b1b1e4a9 -> '2. Muchas cosas, una cosa, un chisme'
[525/1000] b6aaf728-3dad-44a5-9035-3ae2382a0071 -> '4.0'
[526/1000] 458baa80-30fc-41dd-a1e3-6d238a695768 -> 'La respuesta es la cuarta.'
[527/1000] def7e911-b277-4537-addd-b57add057957 -> '2. No se ríe'
[528/1000] 1046339a-4175-4f03-b415-eb029762a9bf -> '3. 8'
[529/1000] 2c0e2f97-bcdf-464a-a6bd-8858cb6dd1b9 -> '2. 1. Primero, sin conocerse, él tiene que pedir permiso a la familia.'
[530/1000] ccf6e040-918b-4a25-9dea-e97d9a26d275 -> '1. Le ofrece el acompañamiento de su familia para pedir a una gitana, si se quie'
[531/1000] cc5c4092-5b0d-4904-89da-06b9e1a25d49 -> '1. En el octavo'
[532/1000] 1327604a-d703-4a19-ad2f-d782b2ae1ba1 -> '2. En un concierto'
[533/1000] 6501570c-e436-4119-8114-811b3fbba96e -> '2. Es el estabilizador'
[534/1000] 80ec8909-52bd-4f05-8561-83d7a1b309fb -> 'La respuesta es la opción 2. De Ecuador'
[535/1000] c087653b-c6ba-46e1-9744-bea978024b8c -> '1. TikTok'
[536/1000] 4dbce416-8813-44ee-be5f-8b0487542896 -> '2. Barcelona'
[537/1000] 1fc52b48-212a-44af-99c1-61e5d5708bf7 -> '2. Porque hay muchos viejos'
[538/1000] 1a2d3308-dbd8-44d0-ae25-ef3b53c34cab -> '2. Las moderadoras'
[539/1000] 8d0787cc-d108-4f02-b43d-fbaadca7e056 -> '2. Inglés y portugués'
[540/1000] fb652039-3b0c-4c5e-9743-31b649db90e5 -> '2. De Valencia'
[541/1000] 5982bdd0-1faf-4ecf-b83e-2c7de7986b21 -> '2. A una tienda de tatuajes'
[542/1000] edd8bb3f-e9d4-4f90-95e1-714e36eaaaa6 -> '2. No se sabe bien, dice que es una pequeña muñeca'
[543/1000] 29fd54d3-ba9a-484b-9651-98b063da3e69 -> '2. No se sabe'
[544/1000] 6547cec1-7910-4cd3-b780-63d222ed7e51 -> '2. Todas son correctas'
[545/1000] 2b1ccc44-4d2b-4ff8-b01e-f4d3af9570fc -> '2. Una camiseta'
[546/1000] fdcaa799-77e7-4f8e-b72b-ec47b1fbb92a -> '2. En los dos'
[547/1000] 9b5c7ee9-887e-4a06-bf42-13a5cb5a9220 -> '2. 8.0'
[548/1000] 356e3180-1068-4adc-980b-6e1c1aff056e -> '2. Francisco Jackson'
[549/1000] 970d6d5d-359f-4da1-a444-dabdef2c18e6 -> '2. entusiasmo'
[550/1000] c63e057b-c5f9-468a-9981-a5ae74a02224 -> 'La respuesta es la 2. La niña.'
[551/1000] 6bf463e5-4a7e-40f1-9d38-cfdc5eda84d3 -> '2. 5'
[552/1000] 6ba13778-85d1-4584-ac76-afeaabd80f59 -> '2. 5.0'
[553/1000] 0aa0306a-ac1d-4ec1-b769-ebe05f96f375 -> '2. 4.0'
[554/1000] 27d54459-a96a-4604-881d-db42b5ceea87 -> '2. Está intentando sonar más amable con su interlocutor.'
[555/1000] 70853d3e-5ae6-4f85-ae1f-c760dd047c31 -> '2. Nadie'
[556/1000] 089096d9-1c23-4f1e-8757-92dcb7afae12 -> '2'
[557/1000] 754668f4-5fde-4b50-be2d-146ed486c862 -> '2. Que las llamadas se cortan constantemente.'
[558/1000] b8c65560-b816-4e3c-aa75-1dd5c7a555eb -> '2. Porque el chico está contando un chiste explícito.'
[559/1000] 1dde927a-bc3c-4918-a32d-2ad60fe727ea -> '3. En el parque'
[560/1000] 2128555e-ef42-424c-82e2-cb40190a781b -> '2. Comprobar si tienen el teléfono encendido'
[561/1000] a9846372-fe70-4857-b081-7a2a396ab227 -> 'La respuesta es la opcion 2.'
[562/1000] 7dd48b64-c71a-4f17-930b-16600c1ffeda -> 'La respuesta es la opción 4.'
[563/1000] 84b141e1-f1fd-4593-8af9-a0b40f67014d -> '1. Es la onomatopeya que usan cuando añaden agua al guiso.'
[564/1000] bb3a67e0-6e1c-4f16-891e-c4bb8ef80a8b -> '2. pecha'
[565/1000] 206ad121-4d84-443c-93fc-f5d679275178 -> '1. no hay José Miguel'
[566/1000] 3a46abfd-2af3-42a4-b020-7514c9fbd233 -> '1. El primer hablante'
[567/1000] cb51b739-e6be-402f-9e4e-bffe0c65d414 -> '2. El primer hablante'
[568/1000] e370c48e-9da3-49b6-98ff-f96bd10d8d6f -> '1. En el primero'
[569/1000] d03ff1dd-ba27-4dd2-8136-10dba2c63597 -> 'La respuesta es la opción 2.'
[570/1000] 229a1e5a-df78-4882-ad6a-212986fff23a -> '2. ¿Helado de coco bien, o no?'
[571/1000] c9cb16fc-a242-46b1-9cc2-582449d88d38 -> '2. El que habla más bajo'
[572/1000] 09546310-faa7-4c40-b5e7-6d8dec7d3b69 -> '2. El de chocolate'
[573/1000] 86aefda0-573e-439c-aa5c-c5b898b50b71 -> '1. Del hablante principal.'
[574/1000] 9ccac5c2-9e3a-4467-bb31-6b815192e29e -> 'La respuesta es la opcion 2. La que habla con más seguridad.'
[575/1000] c8fdefac-2e38-41ef-9b60-92e8a2a57d06 -> '1. Chica'
[576/1000] 04ced7ee-79cd-4437-8560-e295426adbc2 -> '2. Todos'
[577/1000] 31f89e32-c860-442d-a0f9-1985196cba4e -> '2. 4.0'
[578/1000] 8b59c2c3-a685-4842-b8da-df6765461a18 -> '1. 5.0'
[579/1000] 1538d793-2900-4610-8214-c4141260cd30 -> 'La respuesta es la opción 2.'
[580/1000] 01e69b9a-218a-4d2a-856a-288907474871 -> 'La respuesta correcta es la opcion 2. 20-30'
[581/1000] 4cf75795-13d4-4cd6-b7c7-495feda90ecd -> '2. Ansia'
[582/1000] de3fd74d-7456-4e7a-b7e8-d797fe8f7fa8 -> '2. 4.0'
[583/1000] da8e7960-b5c9-417b-8089-c4962c2dd6e3 -> '3. 5.0'
[584/1000] a49f0f7c-e215-44a1-8c46-ea8d7d27fa25 -> '1. Es un tono humorístico'
[585/1000] 3f434a8b-0335-4fbf-a627-ddfcc4c9fa94 -> '2. 2.0'
[586/1000] 47b9f058-e65b-4d96-ae47-4417347aff25 -> '1. La niña'
[587/1000] 0f0ae3e8-0a40-4a91-8834-fb235f6cc41f -> 'La respuesta es la opcion 2. Son hermanos'
[588/1000] af5e282d-2dce-4955-880f-0a99cfd13b8c -> '2. El hombre'
[589/1000] 2730c120-cd43-41bb-a4f3-dc718b3319ac -> 'La opcion correcta es la cuarta. La persona que habla en cuarto lugar.'
[590/1000] 77e4bc36-e32f-4a19-9c36-b88b3a5b583c -> '2. 1.0'
[591/1000] e128782a-bb9e-4573-8512-87081a95589d -> '1. Que cuánto dura el show'
[592/1000] 79fd65ff-3223-48a8-9d5d-5fe1cc8db8da -> '3. El entrevistador'
[593/1000] c4dc4450-6654-4ecc-8940-3ec136d4ca25 -> '2. Que Quevedo salude'
[594/1000] 1eb53816-fc3c-4b72-aaa0-07c8f16f7234 -> '2'
[595/1000] ea0ebe72-23b0-444c-b833-0fe05fa1c62a -> '1. Médico'
[596/1000] 722c5841-cf7d-4e34-b97a-b6db282176e4 -> '2. Cocina y dormitorio'
[597/1000] 3a306af6-7b01-4012-84cc-e97d2b4dcf8a -> '2. 4.0'
[598/1000] 5b997d60-83f1-4c29-ba72-9cb4d43f8e6f -> '2. 3'
[599/1000] 62284a79-6903-46d0-86f9-ea52c2f4380a -> '2. Marisa, Vicenta y Bea'
[600/1000] 3e08005d-fc9e-4564-8313-74afe807a793 -> 'Bea.'
[601/1000] 585a1745-9064-43cf-80c2-8b35cb288b79 -> '2. Mauri'
[602/1000] 06314442-07ea-4065-b5b2-3a695144ed8d -> '2. Concha'
[603/1000] d46378d5-8f99-4a5c-bb14-d3fa6c26f878 -> 'La respuesta es la opcion 2.'
[604/1000] 69644bc8-2b38-4dc8-9666-76e2b14164c4 -> '2. Son amigos hablando a la mesa'
[605/1000] 2e9c2d85-dd62-4a2b-856c-50ebac35f928 -> '2. La primera chica'
[606/1000] b7350ed0-73c0-4b07-ad8d-8542bf4a4fd7 -> '1. Se los ha llevado el ferretero.'
[607/1000] dc4ca76e-047d-4d7d-8ff0-89455d6308ad -> '2. No se sabe'
[608/1000] e2493f37-800e-408f-8d99-14a19d132930 -> 'La situación comunicativa es la opción 2.'
[609/1000] 0ee64fb1-5615-41ff-b9cc-e48c55403b32 -> '4. volver a empezar'
[610/1000] 794ddf61-ee9a-4872-b559-091deb271b2c -> '1. Que se nota cuando trabajan las dinámicas de la canción'
[611/1000] 003ca016-f1c7-45e7-b79a-057ab8caea1f -> '2. Español'
[612/1000] d91e2d8d-86ed-4a9c-bb3d-b02b9f326d4e -> '4. Bad Flag'
[613/1000] 04578c9d-2190-4ce6-b04b-fc415d47537f -> '2. En el primero'
[614/1000] dd704dc4-8664-4fd4-a770-7b21536cb265 -> 'La respuesta es la opción 2.'
[615/1000] 8d59e936-888e-4014-bdb0-3acf752b31f8 -> '2. Ninguna es correcta.'
[616/1000] 7149835d-5e86-4f20-9e41-ba523657e282 -> '2. No se enseña nada'
[617/1000] 10041a95-00f0-48fd-9b70-ab82871e0066 -> '2. 2.0'
[618/1000] 964635ed-70d8-4159-b0f2-ffa66cac9191 -> '2. Después de salir del foso'
[619/1000] eca00468-224a-46e6-866e-6fa803899f98 -> '2. Es un houstur'
[620/1000] c73424bd-b905-4194-8f3c-57bff0923efa -> '2. 4.0'
[621/1000] 9a6dd7e4-030e-419f-9761-bd5a51c13f82 -> '2. Sí'
[622/1000] 82155257-f44f-49c9-8eac-1064941817bd -> 'La respuesta es la opción 2. El cantante.'
[623/1000] ffa85705-7a01-4d19-b6dc-9ed1b4ec5e16 -> '4. 4.0'
[624/1000] 96aa6d29-984d-4672-9fd9-2b02f6956a4e -> '2. Iguales'
[625/1000] d1836eee-e648-4961-89e8-fda292519dcd -> '2. Acertar las preguntas'
[626/1000] 19b2b46f-9659-4b89-99df-56fe9cd6ea07 -> '2. 47'
[627/1000] 7674da4f-105d-42d0-88a0-8ad63cc77264 -> '2. La chica'
[628/1000] ed1acff6-ce70-4cf8-9545-1fbd44b5046d -> 'La respuesta es la opcion 2. felicidad'
[629/1000] c5be6254-7811-4422-8a77-d029fc4d00fb -> '2. Porque no se puede saber que viven juntos'
[630/1000] a6037139-eef7-46db-809d-be050d72e8a4 -> '1. la madre'
[631/1000] 1359ad72-fd3f-4f6f-a7ea-b5226208f757 -> 'La respuesta es la opcion 2.'
[632/1000] 5a40af57-e4a2-4a1f-8e07-8e7259c59705 -> '1. El chico'
[633/1000] 69aaaa38-b6e2-4028-99a2-e861f6e41289 -> '1. la camarera'
[634/1000] b3828fe1-c660-4c4b-a357-50b9bca33448 -> '2. El presentador'
[635/1000] f7d166d2-6b4b-41c7-878e-200a98c02be4 -> '2. 2.0'
[636/1000] 78e59f97-8ee8-4175-a13d-53d7340ee2c0 -> '2. Está pidiendo su comida al interlocutor.'
[637/1000] 669377d4-18f1-42f4-9a28-d8e75634f432 -> '2. Los pantalones'
[638/1000] f678a414-f672-49bf-b61c-76eaeca8d55d -> '2. Quieren que la chica se dé la vuelta, para verla por detrás mientras se asoma'
[639/1000] 2a77b2b5-bc15-4871-aa52-7a4594e45bf8 -> '2. La chica está evaluando si le gusta el chico.'
[640/1000] a981582a-3f2f-4ed0-ad20-72bed08d042d -> '3. Bro'
[641/1000] 2235eaf1-3d54-4314-9642-d108cd50bd72 -> '1. Guapo'
[642/1000] 297cdebb-e310-4dc2-bb2a-da28a607862a -> '2. silencio'
[643/1000] 2ce02942-dab7-46dd-8df9-9ec97a549416 -> '2. Porque le sorprende que la madre y la hija tengan una relación tan cercana.'
[644/1000] ebf7860c-6edd-42f1-97fb-0ffc9b0c9fc9 -> '1. Que se parecía físicamente a un famoso creador de contenido.'
[645/1000] c2df7529-0d4d-4d1b-8f87-69ba9806fb01 -> 'La opcion correcta es la cuarta, porque no sabe cómo reaccionar ante el cambio f'
[646/1000] bc338581-bf60-4031-9670-8d0060c5de7d -> '2. A que tendrán una cita doble'
[647/1000] 06929575-3d08-49bb-be98-135bf5dedb9b -> '2'
[648/1000] ba03c887-32d8-4fd5-8a98-934186f4fcd3 -> '2. masculina'
[649/1000] 2f16c155-2d19-4408-8814-1e8a8eebd73e -> 'La respuesta es la opcion 2. Es una expresión usada para indicar que el chico pe'
[650/1000] 9753c451-7ce4-4bf6-84cc-e8c35d06893a -> '2. El presidente de España'
[651/1000] 4d47101b-88f0-4632-ab4e-9e9a8e5186da -> '2. Lo dice con un tono como para despertar una conversación para quejarse y crit'
[652/1000] b4921082-9669-4199-9d7c-c156a5832f28 -> '2. La economía, los viajes y la música.'
[653/1000] 90bf82eb-21c9-419e-aa5f-7c8caeabee11 -> '2. Alberto'
[654/1000] ef0f7cbd-f98e-4b8e-9bf6-61667f9b65b0 -> '2. Sí, es el jefe.'
[655/1000] a22489cb-aa4e-47a3-bd71-9d6c4832012a -> '2. Nadie'
[656/1000] c003647e-2409-4d8b-ade7-65b25a53357b -> '1. sorprendido'
[657/1000] 98782bbe-c8a9-4200-a717-d8aa8e118f61 -> '1. Que compra mucha ropa'
[658/1000] 38f25d32-41a6-4383-879d-2724e6592161 -> '30 y 50 euros.'
[659/1000] 0a30c129-c9b6-49e7-9b4f-b5665a34160f -> '2. los dos'
[660/1000] cded20a7-ae0d-4f2a-90f8-c980dd81c43f -> '2. Un tono enfadado y agresivo dirigido hacia los autores de las canciones.'
[661/1000] 81b23699-3438-4f25-a960-f3417a7c2cd4 -> '2. Entonación plana y constante durante toda la intervención.'
[662/1000] ae4cba28-0acb-40a6-ad43-3402262d8c63 -> 'La de Omar Courtz.'
[663/1000] 876b89fc-a037-4195-8e7a-a24cf7da7564 -> '2. 1.0'
[664/1000] 04d5841d-a68c-42a7-9013-afdbf8fd90b6 -> '1. Che, wacho'
[665/1000] d17d9dcd-eda3-4f23-adc7-8050e374c1a2 -> '2. No se hace ninguna pregunta'
[666/1000] 1174547d-b924-4cc8-9fc7-ec86bb923581 -> '2. 4.0'
[667/1000] b05f6d4f-3d11-4d32-81a1-acabc010c654 -> '2. Están viendo cómo los sobrinos se montan en los cacharritos de la feria como '
[668/1000] c3635d88-4871-41af-9cdd-b0e80aa4a745 -> '3. Camarones'
[669/1000] db6688c7-0434-4a9a-a07d-9f9be05f85ae -> 'La respuesta es la opcion 2. En la cárcel'
[670/1000] aebc07e8-2994-4f5a-ba9f-b883334ff757 -> '2. No'
[671/1000] 326ce72e-8371-4b15-afc5-8138a8e65f61 -> '2. la chica'
[672/1000] 1483b35e-e84a-44c0-b755-4d04369b3dcd -> '1. el chico'
[673/1000] 9ccb1654-968d-4c9d-9938-5d07ea9848b4 -> '2. La chica'
[674/1000] e6fe2057-7f37-4193-9818-7b210e89589f -> '1. muy, mucho'
[675/1000] 630b6fa0-ec38-43be-b317-d5e4195233b5 -> 'La respuesta es la opcion 2.'
[676/1000] 09ed5470-8b3c-4280-8ab4-4de42183bcc9 -> '1. Hola, yo soy Dani'
[677/1000] 91e7c357-08b4-423b-9e44-9e9b1772a4c7 -> '1. ninguno'
[678/1000] 15fb2158-4e21-4ee7-bd4a-51ffb9ce6316 -> '3. En la cuarta'
[679/1000] 6c195b59-77d7-43ed-b7cf-e7a091643b73 -> '1. Sí'
[680/1000] e3f82a50-43f9-47ab-b6cd-714b7419db41 -> '1. Chupa tu huevo y Ezequiel'
[681/1000] 3a4be81c-46ab-4f24-8a18-81fa0f0f3b8a -> '2. Porque el niño dice que la salsa pica.'
[682/1000] 68aa8163-bbcd-40b5-a448-474689bc310c -> '2. No, porque no hay nadie reconocible'
[683/1000] 7472f571-5851-45ec-aead-7d498dc9e06d -> '2. 2.0'
[684/1000] db32f68f-d98c-4e80-b9cf-9d525d622c10 -> 'La respuesta es la opción 2. Está recitando la frase de manera neutra y sin emoc'
[685/1000] a84ea196-7c1e-4f34-a42f-2900ba797386 -> '2. A la operación'
[686/1000] ace78364-c456-4f43-b9bc-111a088ede6f -> 'La respuesta es la opción 2.'
[687/1000] 7c4067b8-71c4-46a3-a9d5-333256579867 -> 'La respuesta es la opcion 2. incrédula'
[688/1000] d820d67e-029e-483a-a285-e26ae3e1c889 -> '2. Habla con un tono neutro y puramente informativo.'
[689/1000] 4f5fc5e7-e40f-463c-8129-ed1bfa5dbd12 -> '2. Ninguna'
[690/1000] 185b3bb6-4020-45b4-afb6-a4daade108bf -> '2. Que una de las hablantes estaba hablando por teléfono y la otra creyó que se '
[691/1000] a6a33335-a304-4010-877a-3c52f97a62ee -> '2. Que encuentra divertida una broma explícita.'
[692/1000] 13beded5-1875-49e9-825a-fe2b9a1b55b0 -> '2. en segundo lugar'
[693/1000] e6a5e146-7470-4730-a248-3f2049e25d56 -> '2. la primera hablante'
[694/1000] cd5604a3-d188-4396-b7e7-94dd64aac361 -> '2. en yogur'
[695/1000] 1503cd73-7847-4db2-9be9-77b2a44d244c -> '2. Pepino, sal, yogur, perejil, ajo y limón'
[696/1000] 1085472c-b1f3-4877-bc85-8a092fb8eb60 -> '1. Es más caro, es más rico y te ahorras conservantes'
[697/1000] c9a159fd-1013-4219-987a-d43047f4b016 -> '2. chicheme'
[698/1000] ec0202f7-4fd0-4505-be34-36a6ca3b356c -> '2. 3'
[726/1000] d8efa140-9465-4d65-8cd6-f7c6bbf8e166: transcripcion truncada (excede contexto)
[727/1000] b362029c-7862-43fc-a55d-9b8f35ca252f: transcripcion truncada (excede contexto)
[728/1000] 9e968fa7-a90a-4344-99da-ae2fd8a18583: transcripcion truncada (excede contexto)
[729/1000] e857a76c-6b1a-4fae-be97-caa4c0a05044: transcripcion truncada (excede contexto)
[730/1000] eed45c8a-9678-497b-b822-2263fe05f92a: transcripcion truncada (excede contexto)
[731/1000] 8c4cd9df-214e-4e9a-83ee-c7b4cbebe43b: transcripcion truncada (excede contexto)
[732/1000] c66675e6-bfae-46fd-9c7f-8d425efd3a82: transcripcion truncada (excede contexto)
[733/1000] e84ab853-4b3a-4b97-9f00-15798bac194d: transcripcion truncada (excede contexto)
[734/1000] 8c910ec1-1964-4248-9403-b76d77cb35c1: transcripcion truncada (excede contexto)
[735/1000] b67a079a-7774-453b-a8b0-13204ecb4977: transcripcion truncada (excede contexto)
[736/1000] cd759750-31ac-47a9-80d6-f8615a78f4ab: transcripcion truncada (excede contexto)
[737/1000] 52673424-f60e-4e82-b19d-cf109bf78280: transcripcion truncada (excede contexto)
[738/1000] b1728c11-6329-4829-98fe-f35d2d52a16f: transcripcion truncada (excede contexto)
[739/1000] 002012f3-ae57-4154-ae69-6dc5859dae4f: transcripcion truncada (excede contexto)
[740/1000] bf28f696-11d0-40ad-8393-d874a958face: transcripcion truncada (excede contexto)
[741/1000] 09facde2-8a19-4a9d-b582-03fcc159e954: transcripcion truncada (excede contexto)
[742/1000] 47d01b71-eef7-424d-9e03-178f203aa0d5: transcripcion truncada (excede contexto)
[699/1000] 6f2a3f2e-b3f9-4cb3-a79d-153a418b00b0 -> 'La opcion 2. Ninguna'
[700/1000] 09154ef0-84ea-4f85-9c9e-0263697d018e -> 'La respuesta es la opción 2. El fonema /t/'
[701/1000] 9a7f1d6e-1989-4958-af49-2a3e5baf1c6e -> 'La respuesta es la opcion 2. Ambos por igual'
[702/1000] d5bd4e6b-d9fb-4a11-a215-6416eed85f9d -> '2. Inseguridad sobre sus respuestas'
[703/1000] 86123023-0c4c-4547-8ab8-19ad31bf70ec -> '2. Un juego competitivo y humorístico basado en responder rápido.'
[704/1000] 06133421-41fe-4531-997e-62423af0e575 -> '2. Una discusión o enfrentamiento verbal con alta carga emocional'
[705/1000] 779afec8-9c7e-4240-b4d1-83394874269b -> '2. Las dos mezclan francés e inglés constantemente.'
[706/1000] 091b785b-3371-499f-aa23-ca1b1040b3c2 -> 'La respuesta es la opcion 4. Miedo y nerviosismo'
[707/1000] d22a883a-6503-4bdf-a0bb-91a0f38228e5 -> '2. Un perfil coloquial, confrontativo y asociado a un habla espontánea e informa'
[708/1000] 4f55169f-c795-4aa8-b7a2-17e9ad5afca4 -> '2. Porque están intentando interrumpir la conversación.'
[709/1000] 53edada9-7d99-44c5-81eb-4adb5ecdbb59 -> 'La respuesta es la opción 4. Un registro coloquial, juvenil y espontáneo.'
[710/1000] 29728b3f-0f8b-4d68-a1eb-b4764bdb705a -> '2. Es una forma de llamar a una persona que vende algo de segunda mano'
[711/1000] 685b836b-b2fb-4fb1-8bcf-0fa1677b4f52 -> 'La respuesta es la opción 2. Una imitación precisa del acento de su interlocutor'
[712/1000] 19fe3c62-723a-4935-8293-190c5d82b19b -> 'La actitud del narrador hacia la otra persona de la historia es: 2. Burla y ridi'
[713/1000] bb6f0eb3-3959-4f4e-b311-dae03ced1620 -> '2. El primero'
[714/1000] fc91ce31-1f83-40a9-89c6-160d86b59ac7 -> '2. Son amigos'
[715/1000] 835f7098-2e85-4bd1-95f1-94b5263ecece -> '2. Hablan a la vez'
[716/1000] b5248f9a-33d2-4320-8857-b8bd6004545f -> '2. Indiferencia total hacia la conversación.'
[717/1000] 7e030bae-61df-4131-9e97-8fecbc3885e9 -> '2. Cree que la invitación ya es demasiado.'
[718/1000] 9085527a-dd5e-4d6a-8cde-5dad09c6e722 -> '1. Sí'
[719/1000] ae5c663c-a67a-4d47-b17b-3c6c0a886804 -> '2. Porque piensa devolver inmediatamente el regalo.'
[720/1000] d906932b-6139-4e9f-ad63-c9de3e095d48 -> '2. Una persona asociada a un estilo de vida adinerado o de clase alta'
[721/1000] 6c2e91f9-f2f3-4313-b6a0-260602da816f -> 'La respuesta es la opción 4. Los chicos se aburren y desinterés cuando escuchan '
[722/1000] d39201f2-469f-4cdc-a1da-fa166d2feb58 -> '2. Iguales'
[723/1000] f49638fa-0505-432c-8e79-a799aa96c50b -> '4. Cuatro'
[724/1000] 55b2bbf6-9480-4682-93ba-777f41d85c91 -> 'La situación comunicativa es la opción 1.'
[725/1000] ea103670-482a-4783-b70b-99843033b6cc -> '2. Que canta Juan y medio'
[726/1000] d8efa140-9465-4d65-8cd6-f7c6bbf8e166 -> 'La respuesta es la cuarta.'
[727/1000] b362029c-7862-43fc-a55d-9b8f35ca252f -> 'La respuesta es la opcion 2. Kiko'
[728/1000] 9e968fa7-a90a-4344-99da-ae2fd8a18583 -> 'La respuesta es la opción 2.'
[729/1000] e857a76c-6b1a-4fae-be97-caa4c0a05044 -> 'La respuesta es la opcion 2. 9.0'
[730/1000] eed45c8a-9678-497b-b822-2263fe05f92a -> '2. Dan'
[731/1000] 8c4cd9df-214e-4e9a-83ee-c7b4cbebe43b -> '2. Bromas y risas'
[732/1000] c66675e6-bfae-46fd-9c7f-8d425efd3a82 -> '2. Gritan de alegría'
[733/1000] e84ab853-4b3a-4b97-9f00-15798bac194d -> 'La respuesta es la opcion 2. una rosa'
[734/1000] 8c910ec1-1964-4248-9403-b76d77cb35c1 -> '2. Carol'
[735/1000] b67a079a-7774-453b-a8b0-13204ecb4977 -> '4. 6.0'
[736/1000] cd759750-31ac-47a9-80d6-f8615a78f4ab -> '4. Porque tiene mucho calor'
[737/1000] 52673424-f60e-4e82-b19d-cf109bf78280 -> '2. Que los personajes interactúen con ella'
[738/1000] b1728c11-6329-4829-98fe-f35d2d52a16f -> '2. Albert'
[739/1000] 002012f3-ae57-4154-ae69-6dc5859dae4f -> 'La respuesta es la opción 2. 6.0'
[740/1000] bf28f696-11d0-40ad-8393-d874a958face -> 'La respuesta es la opción 2.'
[741/1000] 09facde2-8a19-4a9d-b582-03fcc159e954 -> '2. Que no le gusta el otro.'
[742/1000] 47d01b71-eef7-424d-9e03-178f203aa0d5 -> '2. Nadie opina sobre eso'
[743/1000] 2bd68a75-500e-4221-bde7-2dd2b7f8cc30 -> '1. Hay un niño que asusta al bebé'
[744/1000] 2a8cbf3e-493f-4ed9-aa57-9f4dc4d7ad1b -> 'El texto de la opcion elegida es: 4. asombro'
[745/1000] a64b04bf-fb9a-4872-be6c-17356aa87602 -> '2. Porque ha asustado al niño y tiene la culpa'
[746/1000] 54796692-50ab-4d5f-bff2-e718b3f62dbc -> '2'
[747/1000] 20f384e0-8c5a-4e80-bb98-4242d1395458 -> '2. Una persona quiere comprar un producto que no existe para gastar una broma.'
[748/1000] 36734c39-978a-4959-8280-acc8cbe59960 -> 'La respuesta es la opcion 4. El precio de la sopa Pou.'
[749/1000] f9f9c100-b9c4-4c7d-81f6-2f964bd862d1 -> 'La reaccion final de los empleados es la opcion 2. Se rian porque comprendieron '
[750/1000] 22650cb9-a7c6-4fd2-808f-433368dea062 -> 'La intencion de estos hablantes es la opcion 2. Pretenden ofender porque se está'
[751/1000] 048b0e45-b314-47eb-95aa-84f6e6116a6f -> '2. nadie grita'
[752/1000] 1d642729-54bf-48d0-b6b3-f4acb4cb4087 -> '2. Que quiere pagar la empanada de otra persona.'
[753/1000] da67ba45-155e-4b92-b28c-bc5310c464a4 -> 'La respuesta es la opcion 2.'
[754/1000] d36e13ed-e0ff-4c5a-ad9f-3afdd37057b0 -> '2. Es una crítica irónica hacia la petición extraña del cliente'
[755/1000] 6a0ee1b8-0af7-4cf9-ae6c-5ad682366c4a -> '2. Que no ha escuchado lo que le ha dicho el chico'
[756/1000] 832389b1-ea81-4f28-a507-a2521f74a623 -> 'La respuesta es la opcion 2.'
[757/1000] 8982498d-16b0-434b-80dd-97636fc2e099 -> '2. Ninguna es correcta.'
[758/1000] c6f813cc-5584-491e-9c6f-6a68ebb8bd9b -> 'La respuesta es la opcion 2.'
[759/1000] b4928bb8-37f4-48be-8a34-5dbcbcd6aa97 -> 'La chica está en el parque.'
[760/1000] 1823f98e-a37c-482e-97e2-80d758605d1b -> '1. La semana del torneo'
[761/1000] d6812e0d-e7df-4346-b70b-e8ce74431244 -> '2. No habla nadie'
[762/1000] 4ea8a008-937e-4c3a-a902-eefe2efd9b1e -> 'La propuesta que se hace es la opción 2.'
[763/1000] 4d4c66be-ccb5-4b55-abe4-99eab15676c0 -> '3. 6.0'
[764/1000] 8a77bee3-43be-432b-a2cc-6b8780feeace -> '1. Está rico'
[765/1000] e03ad590-5bf0-4b62-a082-8b1a2f8ea87d -> '1. Ninguna es correcta'
[766/1000] ac14c845-688b-4f59-ba69-9742cabbb4da -> '2. A un animal'
[767/1000] c9a334ec-160d-4a32-a475-9b47db0ee6a0 -> 'La respuesta es la opcion 4. Enojo y al final tristeza'
[768/1000] 3d7345c2-9e08-4894-b37f-f91d6dcf1e21 -> '2. No sé cómo lo voy a hacer...'
[769/1000] 1c07f9a1-507f-463a-8cc0-e149b3a65300 -> '2. Porque no quieren involucrarse en el asunto.'
[770/1000] e5672b55-8452-4c99-8b5c-1002a7d5802c -> '2. Le pide ayuda técnica con su móvil.'
[771/1000] 1c6958aa-d36f-44a8-90e3-115d48635754 -> 'La respuesta es la opción 4. Le preguntan directamente si tiene novio.'
[772/1000] 83b7c130-7c12-44e5-a0ab-03c2837c9436 -> '2. Que está enfadada y quiere discutir.'
[773/1000] b6623329-8b4b-49e8-b360-599fd6dab174 -> '2. Refuerza que se trata de una interacción completamente formal y profesional.'
[774/1000] e6023329-4ca8-426b-9d37-a73a3438421f -> '2. Argentina'
[775/1000] 93bbce93-c553-46c2-8511-f34a5db73a77 -> '2. 40-55'
[776/1000] 5f126644-5709-4da7-b150-c4b4e99658c4 -> '2. Todos'
[777/1000] 8ccac07e-1a65-4261-9b49-97a2dfd2a1a3 -> '2. Porque quiere hacerle una broma delante de la cámara.'
[778/1000] 87f822d7-c2e8-4857-a8b6-0d4199e4c542 -> 'La respuesta es la opcion 3. Una entrevista formal en un restaurante.'
[779/1000] 4edb2481-f9e4-4327-a948-20a1e5929fdd -> 'La respuesta correcta es la opción 3. Tres'
[780/1000] e0140736-b13e-44c9-b3c5-1a4c1af2eed6 -> 'La respuesta es la opción 2. Tristeza profunda y silencio.'
[781/1000] 8d4fca35-3147-4a40-917d-253dada9d34b -> '3. El de los tres dedos'
[782/1000] 9bef31e2-1042-4b40-bb6b-7dd65f96c38e -> 'La opción 2. El chico.'
[783/1000] a96a3185-64a7-4587-97be-eee2370e7e0b -> '2. Porque supuestamente se conocen y él no la recuerda.'
[784/1000] 63b55b79-0f7d-4a98-805f-1267c0d6b983 -> 'La respuesta es la opcion 4. 16-25'
[785/1000] 1a5dd1f7-fff7-4dfb-8cb1-891c3574d588 -> 'La opcion 4. Una chica a David'
[786/1000] 4bfc0d7d-a334-452d-82ae-ceb6dd2d2625 -> 'La respuesta es la opcion 2.'
[787/1000] ad5cf93b-9436-4669-ac16-79608122b186 -> '1. España'
[817/1000] 77310ff0-2d88-442e-ab14-40fae07eb161: transcripcion truncada (excede contexto)
[821/1000] 72d47f67-de64-4916-9b67-1d6d2a0c6481: transcripcion truncada (excede contexto)
[822/1000] bf2f491e-aed1-468d-916e-615aa273917e: transcripcion truncada (excede contexto)
[824/1000] ecf80f64-6a76-4563-8eae-e4abc7523e1e: transcripcion truncada (excede contexto)
[826/1000] f6807ab8-fe2d-432d-9e4e-07ad5e50d577: transcripcion truncada (excede contexto)
[827/1000] 4a241fd7-41f3-4da2-ba14-eb874de84718: transcripcion truncada (excede contexto)
[830/1000] 22cbb7af-5edb-45f3-931d-6250bdbc9c7f: transcripcion truncada (excede contexto)
[839/1000] 3fe8ae86-9e2e-47c7-aa2b-c8af9e5624c5: transcripcion truncada (excede contexto)
[844/1000] 1f02e6d4-c0e6-411f-a7ca-707bab57d996: transcripcion truncada (excede contexto)
[852/1000] 3fa92443-095b-4bf6-84fe-5d448e25e213: transcripcion truncada (excede contexto)
[866/1000] 4d066cac-b3c3-4f52-9fa3-c55b76a31386: transcripcion truncada (excede contexto)
[874/1000] ee0f2450-8f7a-48fe-ac60-cb403af018c4: transcripcion truncada (excede contexto)
[788/1000] 660a9207-550c-4ba9-b280-3f329d4621ad -> '1. Que está muy sorprendido'
[789/1000] 1fb76635-6353-4b2c-b6ed-3e048d8411ec -> '1. De España'
[790/1000] 0c67aa8b-00e4-4e3f-8329-322a95cc5580 -> 'La respuesta es la opcion 2.'
[791/1000] dc12053d-17a6-484a-ba8e-00344a62a3fa -> '2. Porque tiene vergüenza y se pone nervioso'
[792/1000] c922c69c-e5aa-4ad6-b5e5-6d21e59407d5 -> 'La respuesta es la opcion 2. Que tiene mucha sal'
[793/1000] 2082c071-3e00-471e-b089-9f6ed34539a9 -> '2. Jordi Évole'
[794/1000] 86a41b3c-9b23-472d-9966-70a5f1c65f03 -> '2. Solo hay una voz'
[795/1000] 6049b54b-124c-4868-a2af-4487bc618522 -> '2. Español neutro'
[796/1000] 74044ca5-c314-4815-9577-2a8f765129ea -> '2. No, hay cortes.'
[797/1000] e107d459-660b-4e01-9c92-ee151269b8e0 -> '2'
[798/1000] 0e3d6d8a-e4de-46fa-8e3f-e550ca530aca -> '2. Comenzar con el masaje, luego cenar en un asador y terminar comprando souveni'
[799/1000] 87d6004a-dab5-4fec-a031-c91700cb8cbb -> '1. Porque va demasiado informal'
[800/1000] 18bd5c34-2867-4ee0-8501-52cec9a23aaf -> 'La respuesta es la cuarta opción.'
[801/1000] 38c1224f-fac4-4016-84cb-4a03d34b1d45 -> '3. A la camiseta'
[802/1000] 5e2fa9e6-9157-4cd5-9498-37a12b10b892 -> '2. A otra chica'
[803/1000] d4337cea-a773-4c29-b6ef-d77d18cc035f -> '1. Frases enunciativas'
[804/1000] e3431fca-e072-4b30-801b-dd90b83ebb7a -> '1. A Dios'
[805/1000] 972457cb-e320-4602-830c-bed4dd76fbd1 -> '2. Hay demasiadas interrupciones'
[806/1000] 7a633015-c903-430d-a0b3-39276b4ec303 -> 'La respuesta es la opcion 4. La muerte está viva.'
[807/1000] db357a1f-1984-44f3-b4b2-4d9e06a7a076 -> '2. Sí, aunque le cuesta y no termina bien las frases.'
[808/1000] d18ecc38-9045-49a6-8933-2ac87c8ced49 -> 'La respuesta es la opcion 4.'
[809/1000] c1656a1c-ff56-4a15-8175-a4675856e96a -> '2. Documental'
[810/1000] 53290fa6-2917-4225-85e1-5553283a3516 -> '2. Un documental'
[811/1000] ce98ffd2-803d-465a-8394-a9ef413176f6 -> '2. Que una persona no puede respirar'
[812/1000] 4c47f75b-eaf1-4920-a314-a40af43bbc01 -> '2. En la cocina de un restaurante'
[813/1000] 31efeb47-6835-4cd0-8621-bd2eb2007e4b -> '1. En el cine'
[814/1000] c8bbd7b2-3fc2-4990-b914-d93b271f37f1 -> 'La respuesta es la cuarta.'
[815/1000] 36cac806-eb5a-48be-afb8-72f847873332 -> '2. Que está reaccionando como espectador y no como participante del intercambio.'
[816/1000] 0d12e23c-b818-464f-8874-c4bc94939c05 -> '2. Una conversación amistosa y relajada'
[817/1000] 77310ff0-2d88-442e-ab14-40fae07eb161 -> 'La respuesta es la opcion 2. La mujer de Juan Ramón.'
[818/1000] dc27b1cb-edd5-431e-a7ed-f21c2fdf366d -> '2. Las dos son sintéticas'
[819/1000] b941ad48-3f0e-472b-8f57-4b2107459ae8 -> '2. Una chimenea'
[820/1000] 2c7fa3e1-d101-440b-9c63-fec8071e77bb -> '1. En una discoteca'
[821/1000] 72d47f67-de64-4916-9b67-1d6d2a0c6481 -> '2. Cambia a mitad de conversación'
[822/1000] bf2f491e-aed1-468d-916e-615aa273917e -> '2. No'
[823/1000] affcf694-91f7-4ee4-aef1-b5570bc9e236 -> '1. Las dificultades a la hora de comer.'
[824/1000] ecf80f64-6a76-4563-8eae-e4abc7523e1e -> '1. No'
[825/1000] 4f3cf594-9406-4b14-8f54-11ecf901f59f -> '2. Que el hablante se siente triste'
[826/1000] f6807ab8-fe2d-432d-9e4e-07ad5e50d577 -> 'La respuesta es la opcion 2. Documental'
[827/1000] 4a241fd7-41f3-4da2-ba14-eb874de84718 -> '2. No'
[828/1000] 74d63801-6298-47f5-82ce-a24ec7d37c78 -> '2. Un juego competitivo y humorístico basado en responder rápido.'
[829/1000] b5c7df8f-6049-4cd6-9598-6667efe1c5c2 -> '1. La mujer'
[830/1000] 22cbb7af-5edb-45f3-931d-6250bdbc9c7f -> '2. El mismo que se la hace a los Pombo'
[831/1000] f97a3031-a49a-47ec-ba0c-0dc056d9f033 -> '1. La hija'
[832/1000] bbaf543e-ecd5-42b1-a59c-f3b18d2113a8 -> '1. tercero'
[833/1000] f62fdee7-3ccc-4cf1-86d9-f98596a10291 -> '2. La jerarquía de turnos de palabra no es homogénea porque uno de los interlocu'
[834/1000] b1e1681e-5337-4589-a2bc-dcb3bcdf8bd3 -> '1. Todos son correctos'
[835/1000] 2cca0b56-924f-434e-9b6b-2132cffe6bb0 -> '2. Es más rico, es comida real y te ahorras muchos conservantes y estabilizantes'
[836/1000] 151b7cc4-b21c-42b1-a946-7ff61bb3994f -> '2. No'
[837/1000] c1498bd4-f5a6-4e65-ad49-e19d643feecb -> '2. Sintética'
[838/1000] 965e4a4c-7d2d-4161-8308-44c2424047b1 -> 'Alcorcón'
[839/1000] 3fe8ae86-9e2e-47c7-aa2b-c8af9e5624c5 -> '2. Ninguna de las anteriores'
[840/1000] 3d50b33a-2725-4979-a1e5-12557894c703 -> '2. Viento'
[841/1000] 105a19f3-bacb-4db4-9c90-af7305f2d9fc -> 'La respuesta es la opción 2. Las tres personas participan en la misma conversaci'
[842/1000] b2821baf-94db-4a1c-9e2a-5441285c2977 -> '2. Que si trabajan con el dentista'
[843/1000] 21afa152-4437-4c8b-b5e2-45ec63e95b8f -> '2. Nada'
[844/1000] 1f02e6d4-c0e6-411f-a7ca-707bab57d996 -> '1. Un taladro'
[845/1000] 8d2f8c6d-4241-403c-964c-0811f7d00921 -> '2. En una conversación casual'
[846/1000] 86568542-8443-43ac-a34d-777cbc3747f6 -> '2. El ladrido de un perro'
[847/1000] 78154b7a-6520-4c86-81e0-13c2d0a25a36 -> '3. Personas caminando'
[848/1000] a5e67a9f-519d-4f4d-9ae4-95f48dd9c5aa -> '1. Un perro ladrando.'
[849/1000] 0d19eb4c-4982-494e-a60a-8fbb588e6e75 -> 'La respuesta es la opcion 2.'
[850/1000] e8982fc6-5792-4036-8fae-9e618b1d0382 -> '2. Sí, no hay cortes.'
[851/1000] 9c669d8c-e455-43df-a1cf-11c63d95415d -> '1. En el tercero'
[852/1000] 3fa92443-095b-4bf6-84fe-5d448e25e213 -> '3. No hay ningún silencio incómodo.'
[853/1000] ca1eea59-262b-4c78-8237-70a8955d17ec -> '2. Silencio prolongado'
[854/1000] abcffa5b-0e4f-43cb-a308-fbff0c12098d -> '2. Que se enfada porque no quiere aceptar dinero'
[855/1000] 1e940e51-a6e9-45dd-b02c-3adaac34f2de -> '2. Porque la historia ha generado incomodidad y shock.'
[856/1000] 1e7aa404-e371-4cab-8da2-584170fc1e45 -> '2. La mujer'
[857/1000] d4a181c7-d127-4631-ac4f-56960b3b1a07 -> '2. Jordi Évole'
[858/1000] e2693c51-cb56-4983-a3bf-9ea04b3319d2 -> '2. El paciente interviene más y no deja hablar a la logopeda.'
[859/1000] cc723a66-1304-4b42-b295-269258140956 -> '2. El narrador'
[860/1000] 564572fc-ca1c-4449-a0b3-91b3ae9cca7b -> 'La secuencia de turnos mas probable es la tercera.'
[861/1000] c87b5293-ffd2-4e8f-89b4-4b51e78dbb84 -> '2. La niña'
[862/1000] f77f8ae1-44d1-4179-b276-49b474c8b829 -> '1. No se hacen preguntas'
[863/1000] 43bb37e2-792e-4993-9ea6-6fe006b1cd27 -> '2. la chica que pide cosas'
[864/1000] 43d128a4-6a88-49ab-91a7-1c48afff466d -> '4. La hija'
[865/1000] 7e179761-3e8f-4e52-9b23-42c596636648 -> '1. Tercero'
[866/1000] 4d066cac-b3c3-4f52-9fa3-c55b76a31386 -> '1. Otro youtuber de éxito'
[867/1000] 34751411-fe4f-4466-855e-e9c3e5829470 -> '2. No aparece ninguna chica'
[868/1000] 3de32209-3486-4847-9576-33bde9a59874 -> '2. 3.0'
[869/1000] 05ee9f78-8fdb-43a0-a8b6-a9a118727c51 -> '1. la mujer'
[870/1000] 0f7095e7-9af9-47d1-9150-5f5e1ede1135 -> '2. La persona que habla en tercer lugar'
[871/1000] 4e607a49-43ac-40e3-a3b6-e1ae3b941e98 -> '2. Sí'
[872/1000] 86ead195-a812-414c-ba71-d43832e69432 -> '1. El tercer hablante'
[873/1000] 9912d37e-59cd-478d-8561-4ff9557ca2ce -> '2. El chico de BBVA'
[874/1000] ee0f2450-8f7a-48fe-ac60-cb403af018c4 -> 'La respuesta es la opcion 4. Carlos'
[875/1000] ff8e8b09-cff7-41d6-bbc2-e63d8db815e1 -> '2. No'
[876/1000] b7dbd88f-5460-4eca-a6c9-b8e358b9b031 -> 'La opcion correcta es la cuarta, el chico con la voz mas grave.'
[877/1000] d18cb7b6-8db0-493e-a66a-56e1442c4866 -> '2. Otro interlocutor'
[878/1000] 8b19151f-ea8b-4d46-94a7-cdb39d3c7033 -> '2. Escucho una gota de agua caer todo el rato.'
[879/1000] bbc61b18-c8d4-45b1-adb3-842f1fd85c6e -> '1. Sí, hay un ruido de fondo de una máquina de aire acondicionado.'
[880/1000] 006e5e09-025d-406d-b633-f2c0fae32d0a -> '2. Sí, ruido de tráfico y coches'
[881/1000] 6e395f3c-1c6f-4307-90b0-d8ce826c34eb -> '2. Es una forma de llamarle de manera muy española'
[882/1000] 3fe8e81f-a459-4587-b9da-da641db46c9d -> '3. Slavoj Žižek'
[883/1000] 7e7188e5-87f1-417d-b542-5c2e0d39f658 -> '2. El presidente de Argentina'
[884/1000] 41186b7c-8264-42b0-aebb-ab3233994994 -> 'La respuesta es la opcion 2. César Vallejo.'
[885/1000] 452106a8-269e-4484-8fc2-1b3b5bab6390 -> '2. De México, porque habla español'
[886/1000] aad4c1e9-d033-4604-b4e2-b01dc1f2c94c -> '2. El presidente de Portugal'
[891/1000] c11ecdd8-dca6-4ab4-b71c-b9a5cfee614e: transcripcion truncada (excede contexto)
[897/1000] 71059527-9173-4b30-856b-fcee37b196cd: transcripcion truncada (excede contexto)
[899/1000] 8f55bf10-5d96-45f3-b603-5ee301eba381: transcripcion truncada (excede contexto)
[917/1000] d8ec0450-b4cb-4f47-a340-b78f7d1bf8ce: transcripcion truncada (excede contexto)
[921/1000] 46b389b0-1a2f-4978-b69a-af0eb72bcd59: transcripcion truncada (excede contexto)
[922/1000] e4bc4f3b-b446-44df-8149-cf2945137458: transcripcion truncada (excede contexto)
[924/1000] 530e5a83-f085-4f7c-b6a2-c7e06b959a16: transcripcion truncada (excede contexto)
[926/1000] 4a14d5b9-988a-4dc0-85ff-6abf0abd0123: transcripcion truncada (excede contexto)
[927/1000] 4a87c8fc-d1e7-420e-8fb4-913bb09a775a: transcripcion truncada (excede contexto)
[930/1000] da9bc176-cbd7-4629-ac40-f3b233c0196d: transcripcion truncada (excede contexto)
[939/1000] 56b1677d-90e1-435f-9882-21474c5d2336: transcripcion truncada (excede contexto)
[945/1000] 26bb456f-7b56-432e-99bb-de7d9d24b144: transcripcion truncada (excede contexto)
[955/1000] af8cda4f-e2c9-4da5-994b-e65a0ca3d0c9: transcripcion truncada (excede contexto)
[966/1000] 848722b3-ebbc-4c79-be17-8643dc2e658a: transcripcion truncada (excede contexto)
[973/1000] 5aa031d7-e270-41ad-93f9-211b89702981: transcripcion truncada (excede contexto)
[887/1000] 6bd613c0-3d69-4577-b36d-795456290e00 -> '1. El chico'
[888/1000] e0112d71-114e-4d93-bc4b-b67954421fbf -> '2. Sí, porque una persona reconoce a otra'
[889/1000] e8baad13-d794-4ce3-8165-c43096874a36 -> '2. El periodista'
[890/1000] c203aaf8-ef94-42aa-9325-e1a3ce00162c -> '2. No respetan los turnos de palabra.'
[891/1000] c11ecdd8-dca6-4ab4-b71c-b9a5cfee614e -> '1. No hay interrupciones.'
[892/1000] 646fbc4a-40d1-4860-907a-05b8c8526698 -> '2. Nancy Fraser'
[893/1000] a056d4cd-91e1-4044-9ec6-20b668490997 -> '2. Una propuesta para controlar los precios de los alimentos mediante una distri'
[894/1000] 336a9e25-6661-40bd-a362-6d1957252267 -> '2. En Lima'
[895/1000] 6d3d226c-35d3-4a28-af22-f0f9fc4e50ce -> '2. La segunda chica'
[896/1000] 132500c7-10bc-4ef0-ab2a-c0d75e82cc4e -> '2. Un perfil neutral y carente de carga emocional'
[897/1000] 71059527-9173-4b30-856b-fcee37b196cd -> 'Juan Ramón.'
[898/1000] 4a9b526b-6950-47bc-b4e4-bae6b0422708 -> '2. No lo dice'
[899/1000] 8f55bf10-5d96-45f3-b603-5ee301eba381 -> '1. Benidorm'
[900/1000] 08fc02de-8941-42eb-965f-04d6b5d15bed -> 'La respuesta es la opcion 2. Rosi Braidotti'
[901/1000] afa9cf67-0e1d-4c45-9436-8bcca8e646e6 -> 'No, no lo hace.'
[902/1000] cef77391-ad79-4dec-9a26-fe34e3292efe -> 'Respuesta final: No me lo puedo creer.'
[903/1000] 94489c48-8e28-47a2-b8e6-fd89fa10b714 -> 'No, no lo hace.'
[904/1000] 254be9d6-e39c-4af7-8d69-7c3ea510e677 -> 'No, no hay. Entonces, ¿qué hago? Pero yo sin asociarlo. Hacen unas pastillas, te'
[905/1000] 62a0660e-0f65-4c40-846d-951c234370f4 -> '1. ¿Qué tal, Paco? Bien, bienvenido al audio de la semana. Espero que te gusten '
[906/1000] 19e601d8-f01a-485d-adc6-186ecb22c8fe -> 'No, no lo hace.'
[907/1000] f6fb75c1-dc32-4d99-bfb9-330fb5abd34f -> 'La disartria debe de ser abordada desde distintas perspectivas. El paciente, la '
[908/1000] 7f27a543-96f0-4129-ba3d-aaf1dc9d354a -> 'No, no puedo más.'
[909/1000] 3cf6bc68-2da4-449b-a80f-3cf4856ae89b -> 'No puedo escuchar el audio.'
[910/1000] 27ecd43d-d8dd-482c-a57e-7651bd3ba47d -> 'No, no puedo.'
[911/1000] fd9a7404-9b9d-4fb3-a61e-028ea919933d -> 'Sección 1: Escucha las instrucciones del audio.\n- ¿Qué es? (Pregunta)\n- Bueno, t'
[912/1000] 0f0ff6f7-0fae-4322-914b-87868869300c -> 'No, no puedo.'
[913/1000] 9187fb0c-bb62-4273-acb1-d7bf8b36f65d -> 'No, no lo hace.'
[914/1000] 5b5b6db7-eca9-429b-bcef-5b1222aee331 -> 'Soy un modelo de lenguaje artificial, no tengo la capacidad de escuchar o compre'
[915/1000] 745415e4-8171-4f8d-bc9e-b4d20994450c -> 'Sección 1: Identificar el audio y la persona.\n-Identifico al audio como un hombr'
[916/1000] 68f8fb10-38f1-4874-b8cd-a7cfded74fde -> 'La respuesta final es: 1'
[917/1000] d8ec0450-b4cb-4f47-a340-b78f7d1bf8ce -> 'No, no lo hace.'
[918/1000] 1db1e70b-dcf9-46be-a050-41b386eb516d -> '¿Qué es lo que no se debe hacer?'
[919/1000] f1fc719b-aedc-4593-9bc4-e43450cfdf27 -> 'No, no lo hace.'
[920/1000] 7245515d-ddbc-4bf3-944c-be4b0b9dc646 -> 'No, no lo hace.'
[921/1000] 46b389b0-1a2f-4978-b69a-af0eb72bcd59 -> 'No, no. ¡Qué asco! Bueno, ¿cómo te llamas? Bueno, me llaman, te digo. Bueno, te '
[922/1000] e4bc4f3b-b446-44df-8149-cf2945137458 -> 'No, no puedo.'
[923/1000] 55d33cc0-cd7b-4985-87c8-8d3decf03b7e -> 'No, no se trata de eso. Cuando dejé de trabajar, todo el mundo, la psicóloga, la'
[924/1000] 530e5a83-f085-4f7c-b6a2-c7e06b959a16 -> 'No, no lo hace.'
[925/1000] ef004c23-6126-4290-8a86-0b604c0a2d1f -> 'Explica el contenido del audio. Comienza tu respuesta con en este audio.'
[926/1000] 4a14d5b9-988a-4dc0-85ff-6abf0abd0123 -> 'No, no lo hagas.'
[927/1000] 4a87c8fc-d1e7-420e-8fb4-913bb09a775a -> 'No, no puedo.'
[928/1000] 365286d4-6f53-4ab9-b827-33f00faf829b -> 'No, no lo hace.'
[929/1000] d525a1d1-74b8-4066-b617-d06784792117 -> 'No, no lo hago.'
[930/1000] da9bc176-cbd7-4629-ac40-f3b233c0196d -> 'No se puede escuchar el audio.'
[931/1000] 1ba6ec5d-9b77-44e8-92dd-2a3559a24634 -> 'No, no lo he entendido.'
[932/1000] 0febcdee-19bf-44c4-a4cf-b2546b8186c7 -> 'Explicación del contenido del audio. No uses la palabra cosa en tu respuesta.'
[933/1000] c4b7eb58-256f-4d6a-970e-1d3e9c67bcce -> 'No, no puedo.'
[934/1000] df697911-e01e-439e-b9b3-dcbbd2d31d0b -> 'No, no.'
[935/1000] fb9b1bc9-114f-4d47-a013-d452adf30649 -> 'No, no lo hace.'
[936/1000] be17675a-e9d4-4d42-8c5b-3f1d4b74ea69 -> 'No te saltes este vídeo. La mejor e-bike homologada por menos de 200 euros, equi'
[937/1000] a5e61fcc-27ad-4d8e-b994-979fe73b02fd -> 'Primer audio (transcripcion):\nAntiguamente, el proceso de chapado en oro se real'
[938/1000] 8b13ecd5-5c8e-42a6-8ccc-feb76f050c6a -> 'No, no lo hace.'
[939/1000] 56b1677d-90e1-435f-9882-21474c5d2336 -> 'No te puedo dar una respuesta, porque no me has dado el nombre.'
[940/1000] 774d5245-e75e-436a-96e4-e2b6b47fcae0 -> 'No, no puedo.'
[941/1000] fa6283cd-a72e-48c7-ad2b-dc4d9ef76fe4 -> 'Analiza el audio. Tu respuesta debe incluir la frase en primer lugar.'
[942/1000] 7f039d87-8903-4eb4-a89e-25ddd0cae463 -> 'La respuesta final es: No, no.'
[943/1000] fc1e7ac0-d763-4f6f-a67c-0defb2f9b18f -> 'No, no puedo.'
[944/1000] c08abe48-d273-4f05-bf30-7bb1fcfc5373 -> 'La respuesta final es: "Yo creo que estoy curado de Lala, no porque Lala no me v'
[945/1000] 26bb456f-7b56-432e-99bb-de7d9d24b144 -> 'No, no lo hace.'
[946/1000] e1e1170e-4d4b-4eab-a8d3-23b7c4abc437 -> '1. Yo sufrí un accidente de vascular encefálico el 21 de agosto y tuve como secu'
[947/1000] c12055aa-f17c-410c-97c4-4bcfc108ee43 -> 'No, no lo hago.'
[948/1000] cb7cae9e-69c9-4360-aab8-f76cdd3e6e4c -> 'La respuesta final es: No tengo.'
[949/1000] c3aef3e7-91f3-4eb6-b1ec-b408ccf85e89 -> 'No, no lo hago.'
[950/1000] 68e075ee-39aa-4a96-b1d4-426b7e546eb0 -> 'La respuesta final es: En qué me estoy convirtiendo?'
[951/1000] 8cdf1f52-bebf-4dd2-ace2-ce6713f6c14a -> 'No, no lo hace.'
[952/1000] bde00d96-1c5e-4ac3-bd35-3fd0ae39450e -> 'No, no lo hace.'
[953/1000] 026c679b-98b1-4322-a968-311c985c953d -> 'No se ve ni mi sal de este aporte Ya mi hermano está en la barroquia Vamos a hac'
[954/1000] 55af6635-b96b-4819-849f-a3d59cbfe579 -> 'No, no.'
[955/1000] af8cda4f-e2c9-4da5-994b-e65a0ca3d0c9 -> 'No, no me has entendido.'
[956/1000] f59d5186-098c-4578-9bc5-f819767d03bb -> 'Cabe destacar.'
[957/1000] cf8857a4-7834-4fe5-b97e-eade00d35be2 -> 'No, no lo hace.'
[958/1000] 0deca9a9-2dd8-45e0-85f1-6391e48db388 -> 'Primero, palabras muy cortas. Segundo, bisílabas. Tercero, trisílabas y polisíla'
[959/1000] 8349aa0b-01f4-4e5d-8a53-3e4c1de3d251 -> 'No, no lo hace.'
[960/1000] 3de27908-ab7d-4996-88eb-6bc3ccfdb8c8 -> 'No, señor Corral.'
[961/1000] 3d96e0d8-886c-431b-bf5b-835b833b1613 -> 'No, no lo hace.'
[962/1000] 32a3bde3-a0b3-45f8-a2d1-f0f978763a13 -> 'No, no lo hace.'
[963/1000] 84fefc97-10dd-4936-a031-c61f5dea4ae0 -> 'No, no puedo.'
[964/1000] 465f2f60-d354-4a62-9c9c-fc2fd150582d -> 'Primer audio (transcripcion):\nYo, chat, iba a la peluquería, tío, y tenía que ir'
[965/1000] 907de8bc-047d-48f3-ba38-073b58094876 -> 'Desde mi punto de vista, no hay ninguna respuesta.'
[966/1000] 848722b3-ebbc-4c79-be17-8643dc2e658a -> 'No, no.'
[967/1000] 167238d3-f528-4d43-9c60-9d2bf704f26d -> 'La respuesta final es: La tarta está maravillosamente deshecha.'
[968/1000] 4d7d895c-91b1-4a69-bc28-7cdc79f5bdf1 -> 'No, no lo hice.'
[969/1000] fe16acbc-7037-4629-b7aa-0a08a0ee8d34 -> 'No, no lo hace.'
[970/1000] d6f593bf-7902-4b15-93f9-a972d559cf74 -> 'Soy Salamandra, un modelo lingüístico de IA desarrollado en el Barcelona Superco'
[971/1000] 27718fbb-3189-4d7d-b251-7197133f0d71 -> 'No, no puedo.'
[972/1000] 6adde426-22f2-4fce-ab98-99624212b542 -> 'Primer audio (transcripcion):\nQue luego tengo clase de canto. ¿Sigues dando clas'
[973/1000] 5aa031d7-e270-41ad-93f9-211b89702981 -> 'No, no lo sé. Yo me he hecho el loco todo lo que ha podido. Estaba en plan, chic'
[974/1000] 3c3374ce-97e9-4014-8d17-5680fca4165a -> 'Explicación del contenido del audio. Escribe toda tu respuesta en minúscula.'
[975/1000] 97507676-da89-4665-8374-da30436e0d67 -> 'No, no lo hice.'
[976/1000] 4d84d2a7-5713-40c6-8c5b-2b4c09d3f96f -> 'No, no lo hace.'
[977/1000] cf67b0e0-fba8-475b-89be-948adae955d2 -> 'No, no lo hace.'
[990/1000] 3ea5f9d3-c451-4ff8-8ac8-e65489232259: transcripcion truncada (excede contexto)
[997/1000] 5f6fae5b-8e4b-4843-b6f4-678929ee40b5: transcripcion truncada (excede contexto)
[1000/1000] 85a20183-770c-46b4-aae6-3175c6209055: transcripcion truncada (excede contexto)
[978/1000] 89769d01-0730-4d1d-9c9d-f19cbb7443cb -> 'Primer audio (transcripcion): Hola, buenos días José Luis. Hola, ¿qué tal? Bien,'
[979/1000] dc658de6-6495-4b16-8706-3f3c6f9f3a90 -> 'No, no lo hace.'
[980/1000] 295ed3ec-c1dd-4a16-8db0-76bd29f03a0c -> 'No, no lo hago.'
[981/1000] 76dc3d63-906f-4141-958f-fff336a6cdde -> '1. ¿Quieres puntuar la tortilla española en Argentina? Quiero probarla, sí. Es u'
[982/1000] dd21871e-5b83-42ed-ab4a-800963569cf6 -> 'No obstante, la sensación de libertad que generan estas capacidades ilimitadas e'
[983/1000] 0732015b-14d8-4b5e-b1ee-cf5a1fc1f5be -> 'La respuesta final es: Jamás, y tantos años, mucho siempre, siempre.'
[984/1000] db042b08-4970-4100-8ee2-fc1f1e0db1b5 -> 'No, no lo hice.'
[985/1000] e8b28654-06c6-497f-a99f-f6f1d53a1436 -> 'Primer audio (transcripcion):\nMi nombre es David Riaña Rivas, soy investigador c'
[986/1000] 26082736-31cb-459f-81ff-a95c8d35dff5 -> 'No, no puedo.'
[987/1000] 535b871d-e666-481b-b59b-594e9985eefb -> 'No, no es ninguna contradicción. O sea, ideológicamente os viene bien, entonces '
[988/1000] 7a2a25d8-4ad6-4262-b761-a4bcb375af2e -> 'No, no lo hace.'
[989/1000] 4c7a65a1-bf9a-4159-9a10-03448b5ffbeb -> 'No, no puedo.'
[990/1000] 3ea5f9d3-c451-4ff8-8ac8-e65489232259 -> 'Primero, el audio. Presenta tu respuesta como una lista con exactamente cuatro v'
[991/1000] b75379cd-194f-4e09-b074-d8b871769e6f -> 'Gracias por escuchar.'
[992/1000] 37101f77-993c-4e57-8328-dfa985cb4379 -> 'No, no puedo.'
[993/1000] 0fb8974f-d605-47a9-87ea-6d085de16ab2 -> 'No, no puedo.'
[994/1000] 048f7128-9ba5-4cb4-bf72-ae9ec7ef9868 -> 'La pregunta es sobre la ubicación de tu residencia.'
[995/1000] f8f289e9-c802-4c6f-9431-a2d11b7b7c9d -> 'No, no lo hace.'
[996/1000] d20e98ce-fe30-42fa-b03e-b8effaa02b54 -> 'La respuesta final es: Calles ya la puta boca que como sigas hablando mierda.'
[997/1000] 5f6fae5b-8e4b-4843-b6f4-678929ee40b5 -> 'No, no.'
[998/1000] 64c3292b-7f40-4a3d-a7d2-6cd47ea920f8 -> 'La respuesta final es: "Soy Salamandra, un modelo lingüístico de IA desarrollado'
[999/1000] a0511286-9ea9-44a5-a124-a7657967505f -> 'No, no puedo.'
[1000/1000] 85a20183-770c-46b4-aae6-3175c6209055 -> 'No se puede escuchar.'
Guardado: /Users/ana/Downloads/human_eval_package/Codigo/results/cascade-salamandra-escucha1-responses.json (transcripciones truncadas: 125)
mcqa evaluables: 900 | correctas: 246 | sin output: 0 | accuracy: 27.3%

Por length_type:
  Brief (≤30s): 29/114 (25.4%)
  Extended (>30min): 31/114 (27.2%)
  Long (10–30min): 34/111 (30.6%)
  Medium (2–10min): 50/167 (29.9%)
  Short (30s–2min): 102/394 (25.9%)

Por categories.reasoning:
  Coherence and Discourse Structure: 0/2 (0.0%)
  Coherence and Discourse Structure, Ground Truth and World Knowledge Integration: 2/2 (100.0%)
  Coherence and Discourse Structure, Semantic Abstraction and Summarization: 0/4 (0.0%)
  Comparative and Preference-Based Judgments: 13/41 (31.7%)
  Comparative and Preference-Based Judgments, Quantitative Reasoning (Counting/Arithmetic Comparison): 0/2 (0.0%)
  Comparative and Preference-Based Judgments, Semantic Abstraction and Summarization: 2/8 (25.0%)
  Comparative and Preference-Based Judgments, Speaker Intent, Pragmatics and Causal Reasoning: 0/2 (0.0%)
  Comparative and Preference-Based Judgments, Temporal and Ordering Reasoning: 0/1 (0.0%)
  Cross-frontier Entity Linking: 6/12 (50.0%)
  Cross-frontier Entity Linking, Ground Truth and World Knowledge Integration: 6/10 (60.0%)
  Cross-frontier Entity Linking, Logical/Consistency Reasoning: 1/2 (50.0%)
  Cross-frontier Entity Linking, Semantic Abstraction and Summarization: 0/2 (0.0%)
  Cross-frontier Entity Linking, Temporal and Ordering Reasoning: 2/2 (100.0%)
  Ground Truth and World Knowledge Integration: 20/87 (23.0%)
  Ground Truth and World Knowledge Integration, Cross-frontier Entity Linking: 1/2 (50.0%)
  Ground Truth and World Knowledge Integration, Logical/Consistency Reasoning: 1/3 (33.3%)
  Ground Truth and World Knowledge Integration, Quantitative Reasoning (Counting/Arithmetic Comparison): 0/1 (0.0%)
  Ground Truth and World Knowledge Integration, Semantic Abstraction and Summarization: 0/2 (0.0%)
  Ground Truth and World Knowledge Integration, Speaker Intent, Pragmatics and Causal Reasoning: 4/8 (50.0%)
  Logical/Consistency Reasoning: 28/101 (27.7%)
  Logical/Consistency Reasoning, Coherence and Discourse Structure: 5/12 (41.7%)
  Logical/Consistency Reasoning, Comparative and Preference-Based Judgments: 2/2 (100.0%)
  Logical/Consistency Reasoning, Cross-frontier Entity Linking: 1/2 (50.0%)
  Logical/Consistency Reasoning, Ground Truth and World Knowledge Integration: 1/1 (100.0%)
  Logical/Consistency Reasoning, Semantic Abstraction and Summarization: 0/2 (0.0%)
  Logical/Consistency Reasoning, Speaker Intent, Pragmatics and Causal Reasoning: 1/4 (25.0%)
  Quantitative Reasoning (Counting/Arithmetic Comparison): 28/96 (29.2%)
  Quantitative Reasoning (Counting/Arithmetic Comparison), Comparative and Preference-Based Judgments: 0/2 (0.0%)
  Quantitative Reasoning (Counting/Arithmetic Comparison), Logical/Consistency Reasoning: 0/2 (0.0%)
  Quantitative Reasoning (Counting/Arithmetic Comparison), Semantic Abstraction and Summarization: 0/4 (0.0%)
  Quantitative Reasoning (Counting/Arithmetic Comparison), Social Role and Relationship Inference: 1/1 (100.0%)
  Quantitative Reasoning (Counting/Arithmetic Comparison), Temporal and Ordering Reasoning: 3/12 (25.0%)
  Semantic Abstraction and Summarization: 22/86 (25.6%)
  Semantic Abstraction and Summarization, Coherence and Discourse Structure: 2/4 (50.0%)
  Semantic Abstraction and Summarization, Comparative and Preference-Based Judgments: 1/2 (50.0%)
  Semantic Abstraction and Summarization, Cross-frontier Entity Linking: 1/2 (50.0%)
  Semantic Abstraction and Summarization, Ground Truth and World Knowledge Integration: 0/3 (0.0%)
  Semantic Abstraction and Summarization, Logical/Consistency Reasoning: 1/7 (14.3%)
  Semantic Abstraction and Summarization, Social Role and Relationship Inference: 0/1 (0.0%)
  Semantic Abstraction and Summarization, Speaker Intent, Pragmatics and Causal Reasoning: 1/4 (25.0%)
  Semantic Abstraction and Summarization, Temporal and Ordering Reasoning: 0/1 (0.0%)
  Social Role and Relationship Inference: 11/50 (22.0%)
  Social Role and Relationship Inference, Comparative and Preference-Based Judgments: 1/2 (50.0%)
  Social Role and Relationship Inference, Cross-frontier Entity Linking: 1/2 (50.0%)
  Social Role and Relationship Inference, Ground Truth and World Knowledge Integration: 0/1 (0.0%)
  Social Role and Relationship Inference, Logical/Consistency Reasoning: 1/4 (25.0%)
  Social Role and Relationship Inference, Semantic Abstraction and Summarization: 0/7 (0.0%)
  Social Role and Relationship Inference, Speaker Intent, Pragmatics and Causal Reasoning: 3/13 (23.1%)
  Social Role and Relationship Inference, Speaker Intent, Pragmatics and Causal Reasoning, Semantic Abstraction and Summarization: 0/1 (0.0%)
  Social Role and Relationship Inference, Temporal and Ordering Reasoning: 0/1 (0.0%)
  Speaker Intent, Pragmatics and Causal Reasoning: 29/125 (23.2%)
  Speaker Intent, Pragmatics and Causal Reasoning, Coherence and Discourse Structure: 1/2 (50.0%)
  Speaker Intent, Pragmatics and Causal Reasoning, Cross-frontier Entity Linking: 0/2 (0.0%)
  Speaker Intent, Pragmatics and Causal Reasoning, Ground Truth and World Knowledge Integration: 5/11 (45.5%)
  Speaker Intent, Pragmatics and Causal Reasoning, Logical/Consistency Reasoning: 2/12 (16.7%)
  Speaker Intent, Pragmatics and Causal Reasoning, Semantic Abstraction and Summarization: 9/23 (39.1%)
  Speaker Intent, Pragmatics and Causal Reasoning, Semantic Abstraction and Summarization, Ground Truth and World Knowledge Integration: 0/1 (0.0%)
  Speaker Intent, Pragmatics and Causal Reasoning, Semantic Abstraction and Summarization, Social Role and Relationship Inference: 1/1 (100.0%)
  Speaker Intent, Pragmatics and Causal Reasoning, Social Role and Relationship Inference: 3/10 (30.0%)
  Speaker Intent, Pragmatics and Causal Reasoning, Temporal and Ordering Reasoning: 0/1 (0.0%)
  Temporal and Ordering Reasoning: 20/64 (31.2%)
  Temporal and Ordering Reasoning, Coherence and Discourse Structure: 0/3 (0.0%)
  Temporal and Ordering Reasoning, Ground Truth and World Knowledge Integration: 0/1 (0.0%)
  Temporal and Ordering Reasoning, Logical/Consistency Reasoning: 1/5 (20.0%)
  Temporal and Ordering Reasoning, Quantitative Reasoning (Counting/Arithmetic Comparison): 1/1 (100.0%)
  Temporal and Ordering Reasoning, Semantic Abstraction and Summarization: 1/12 (8.3%)
  Temporal and Ordering Reasoning, Speaker Intent, Pragmatics and Causal Reasoning: 0/1 (0.0%)
